#
# There is insufficient memory for the Java Runtime Environment to continue.
# Native memory allocation (mmap) failed to map 1048576 bytes. Error detail: G1 virtual space
# Possible reasons:
#   The system is out of physical RAM or swap space
#   This process is running with CompressedOops enabled, and the Java Heap may be blocking the growth of the native heap
# Possible solutions:
#   Reduce memory load on the system
#   Increase physical memory or swap space
#   Check if swap backing store is full
#   Decrease Java heap size (-Xmx/-Xms)
#   Decrease number of Java threads
#   Decrease Java thread stack sizes (-Xss)
#   Set larger code cache with -XX:ReservedCodeCacheSize=
#   JVM is running with Unscaled Compressed Oops mode in which the Java heap is
#     placed in the first 4GB address space. The Java Heap base address is the
#     maximum limit for the native heap growth. Please use -XX:HeapBaseMinAddress
#     to set the Java Heap base and to place the Java Heap above 4GB virtual address.
# This output file may be truncated or incomplete.
#
#  Out of Memory Error (os_windows.cpp:3926), pid=11560, tid=6556
#
# JRE version: OpenJDK Runtime Environment (21.0.10) (build 21.0.10+-14961533-b1163.108)
# Java VM: OpenJDK 64-Bit Server VM (21.0.10+-14961533-b1163.108, mixed mode, tiered, compressed oops, compressed class ptrs, g1 gc, windows-amd64)
# No core dump will be written. Minidumps are not enabled by default on client versions of Windows
#

---------------  S U M M A R Y ------------

Command Line: --add-opens=java.base/java.lang=ALL-UNNAMED --add-opens=java.base/java.lang.invoke=ALL-UNNAMED --add-opens=java.base/java.util=ALL-UNNAMED --add-opens=java.prefs/java.util.prefs=ALL-UNNAMED --add-exports=jdk.compiler/com.sun.tools.javac.api=ALL-UNNAMED --add-exports=jdk.compiler/com.sun.tools.javac.util=ALL-UNNAMED --add-opens=java.base/java.util=ALL-UNNAMED --add-opens=java.prefs/java.util.prefs=ALL-UNNAMED --add-opens=java.base/java.nio.charset=ALL-UNNAMED --add-opens=java.base/java.net=ALL-UNNAMED --add-opens=java.base/java.util.concurrent=ALL-UNNAMED --add-opens=java.base/java.util.concurrent.atomic=ALL-UNNAMED --add-opens=java.xml/javax.xml.namespace=ALL-UNNAMED -Xmx2048M -Dfile.encoding=UTF-8 -Duser.country=US -Duser.language=en -Duser.variant -javaagent:C:\Users\maing\.gradle\wrapper\dists\gradle-9.0.0-bin\d6wjpkvcgsg3oed0qlfss3wgl\gradle-9.0.0\lib\agents\gradle-instrumentation-agent-9.0.0.jar org.gradle.launcher.daemon.bootstrap.GradleDaemon 9.0.0

Host: 11th Gen Intel(R) Core(TM) i7-1185G7 @ 3.00GHz, 8 cores, 15G,  Windows 11 , 64 bit Build 26100 (10.0.26100.8737)
Time: Mon Jul 13 12:43:29 2026 E. Africa Standard Time elapsed time: 9570.133012 seconds (0d 2h 39m 30s)

---------------  T H R E A D  ---------------

Current thread (0x000001aacd7e3470):  WorkerThread "GC Thread#5"    [id=6556, stack(0x00000004ad000000,0x00000004ad100000) (1024K)]

Stack: [0x00000004ad000000,0x00000004ad100000]
Native frames: (J=compiled Java code, j=interpreted, Vv=VM code, C=native code)
V  [jvm.dll+0x6d78a9]
V  [jvm.dll+0x8665b3]
V  [jvm.dll+0x868bde]
V  [jvm.dll+0x8692c3]
V  [jvm.dll+0x280ee6]
V  [jvm.dll+0x6d4165]
V  [jvm.dll+0x6c77fa]
V  [jvm.dll+0x358f4b]
V  [jvm.dll+0x360bc6]
V  [jvm.dll+0x3b2bab]
V  [jvm.dll+0x3b3264]
V  [jvm.dll+0x3b332d]
V  [jvm.dll+0x32cdac]
V  [jvm.dll+0x32cb08]
V  [jvm.dll+0x31b6c6]
V  [jvm.dll+0x31c55a]
V  [jvm.dll+0x31ca02]
V  [jvm.dll+0x31c3bd]
V  [jvm.dll+0x35adda]
V  [jvm.dll+0x35b156]
V  [jvm.dll+0x35c29a]
V  [jvm.dll+0x35bf14]
V  [jvm.dll+0x370569]
V  [jvm.dll+0x370c2a]
V  [jvm.dll+0x370d27]
V  [jvm.dll+0x371c2b]
V  [jvm.dll+0x8944e4]
V  [jvm.dll+0x80fd28]
V  [jvm.dll+0x6d60fd]
C  [ucrtbase.dll+0x2cd30]
C  [KERNEL32.DLL+0x2e957]
C  [ntdll.dll+0xaad6c]


---------------  P R O C E S S  ---------------

Threads class SMR info:
_java_thread_list=0x000001aad4764970, length=149, elements={
0x000001aab577b2c0, 0x000001aaccf710a0, 0x000001aaccf722b0, 0x000001aaccf97a60,
0x000001aaccfd5270, 0x000001aaccfd5cd0, 0x000001aaccfd6730, 0x000001aaccfd7190,
0x000001aaccfa2e90, 0x000001aaccfb5d80, 0x000001aacd2980d0, 0x000001aad2f81b40,
0x000001aad2872820, 0x000001aad3f43890, 0x000001aad3d39fb0, 0x000001aad3d3b9f0,
0x000001aad3d39290, 0x000001aad30619f0, 0x000001aad3063430, 0x000001aad3060cd0,
0x000001aad3065b90, 0x000001aad3064150, 0x000001aad3066220, 0x000001aad313e840,
0x000001aad313c0e0, 0x000001aad3140280, 0x000001aad3140910, 0x000001aad313d490,
0x000001aad8035f80, 0x000001aad3321e40, 0x000001aad3322b60, 0x000001aad331f6e0,
0x000001aad33231f0, 0x000001aad3323f10, 0x000001aadebc7d40, 0x000001aae534d600,
0x000001aad66d88d0, 0x000001aadd3f6dc0, 0x000001aad3641dc0, 0x000001aae68b2770,
0x000001aadeb8e370, 0x000001aae68b0d30, 0x000001aadd0cb9e0, 0x000001aadeb8d650,
0x000001aad66c1020, 0x000001aae68b13c0, 0x000001aadd3f60a0, 0x000001aad5658ef0,
0x000001aad565b650, 0x000001aad3fb80d0, 0x000001aad3fb9480, 0x000001aae4b4ee90,
0x000001aae4b508d0, 0x000001aae4b51c80, 0x000001aae4b50f60, 0x000001aae4b4e800,
0x000001aae4b4f520, 0x000001aadeb8ea00, 0x000001aadeb90ad0, 0x000001aadeb8fdb0,
0x000001aadeb91160, 0x000001aadeb8dce0, 0x000001aadeb92510, 0x000001aadeb917f0,
0x000001aadeb938c0, 0x000001aadeb93230, 0x000001aadeb93f50, 0x000001aae4b4fbb0,
0x000001aae4b50240, 0x000001aae4b515f0, 0x000001aacd21b3a0, 0x000001aae68b20e0,
0x000001aae68b3490, 0x000001aae68b06a0, 0x000001aae68b0010, 0x000001aae301b610,
0x000001aae301af80, 0x000001aad5659580, 0x000001aad5659c10, 0x000001aad5658860,
0x000001aad565a930, 0x000001aad565a2a0, 0x000001aad565afc0, 0x000001aad56581d0,
0x000001aade677a60, 0x000001aade6773d0, 0x000001aad66bdba0, 0x000001aad66be230,
0x000001aadeb945e0, 0x000001aae357b520, 0x000001aae3579ae0, 0x000001aae357ae90,
0x000001aae471efb0, 0x000001aae471e290, 0x000001aae471f640, 0x000001aae471e920,
0x000001aae5851c90, 0x000001aad66d6800, 0x000001aad66d8240, 0x000001aad66d95f0,
0x000001aad66d6170, 0x000001aad66d8f60, 0x000001aad66d6e90, 0x000001aae3835180,
0x000001aae58529b0, 0x000001aae5853040, 0x000001aae5854a80, 0x000001aae5855110,
0x000001aae58536d0, 0x000001aae5852320, 0x000001aae5853d60, 0x000001aae58543f0,
0x000001aacd21c750, 0x000001aacd21ba30, 0x000001aacd219ff0, 0x000001aacd21d470,
0x000001aacd21a680, 0x000001aacd21cde0, 0x000001aacd21ad10, 0x000001aacd21c0c0,
0x000001aad3fbaec0, 0x000001aad3fba1a0, 0x000001aad3fba830, 0x000001aad3fbb550,
0x000001aad3fb9b10, 0x000001aad3fb8760, 0x000001aae3019bd0, 0x000001aae3833740,
0x000001aae3835810, 0x000001aae3834af0, 0x000001aadd3fa8d0, 0x000001aadd3f7450,
0x000001aadd3f8800, 0x000001aadd3f8e90, 0x000001aadee19810, 0x000001aadee19ea0,
0x000001aade5bef70, 0x000001aae3832390, 0x000001aae3b67580, 0x000001aade6780f0,
0x000001aae301bca0, 0x000001aade67a1c0, 0x000001aade5bfc90, 0x000001aad66bce80,
0x000001aadd3f9bb0, 0x000001aade5bcea0, 0x000001aade676d40, 0x000001aade6555f0,
0x000001aade65c2f0
}

Java Threads: ( => current thread )
  0x000001aab577b2c0 JavaThread "main"                              [_thread_blocked, id=10784, stack(0x00000004ab900000,0x00000004aba00000) (1024K)]
  0x000001aaccf710a0 JavaThread "Common-Cleaner"             daemon [_thread_blocked, id=7328, stack(0x00000004ac100000,0x00000004ac200000) (1024K)]
  0x000001aaccf722b0 JavaThread "Reference Handler"          daemon [_thread_blocked, id=21180, stack(0x00000004ac200000,0x00000004ac300000) (1024K)]
  0x000001aaccf97a60 JavaThread "Finalizer"                  daemon [_thread_blocked, id=12132, stack(0x00000004ac300000,0x00000004ac400000) (1024K)]
  0x000001aaccfd5270 JavaThread "Signal Dispatcher"          daemon [_thread_blocked, id=11248, stack(0x00000004ac400000,0x00000004ac500000) (1024K)]
  0x000001aaccfd5cd0 JavaThread "Attach Listener"            daemon [_thread_blocked, id=10472, stack(0x00000004ac500000,0x00000004ac600000) (1024K)]
  0x000001aaccfd6730 JavaThread "Service Thread"             daemon [_thread_blocked, id=20844, stack(0x00000004ac600000,0x00000004ac700000) (1024K)]
  0x000001aaccfd7190 JavaThread "Monitor Deflation Thread"   daemon [_thread_blocked, id=15916, stack(0x00000004ac700000,0x00000004ac800000) (1024K)]
  0x000001aaccfa2e90 JavaThread "C2 CompilerThread0"         daemon [_thread_in_native, id=20060, stack(0x00000004ac800000,0x00000004ac900000) (1024K)]
  0x000001aaccfb5d80 JavaThread "C1 CompilerThread0"         daemon [_thread_blocked, id=5900, stack(0x00000004ac900000,0x00000004aca00000) (1024K)]
  0x000001aacd2980d0 JavaThread "Notification Thread"        daemon [_thread_blocked, id=22852, stack(0x00000004aca00000,0x00000004acb00000) (1024K)]
  0x000001aad2f81b40 JavaThread "Daemon health stats"               [_thread_blocked, id=21968, stack(0x00000004ad100000,0x00000004ad200000) (1024K)]
  0x000001aad2872820 JavaThread "Incoming local TCP Connector on port 63283"        [_thread_in_native, id=23500, stack(0x00000004ad200000,0x00000004ad300000) (1024K)]
  0x000001aad3f43890 JavaThread "Daemon periodic checks"            [_thread_blocked, id=15560, stack(0x00000004ad300000,0x00000004ad400000) (1024K)]
  0x000001aad3d39fb0 JavaThread "Cache worker for journal cache (C:\Users\maing\.gradle\caches\journal-1)"        [_thread_blocked, id=8336, stack(0x00000004acb00000,0x00000004acc00000) (1024K)]
  0x000001aad3d3b9f0 JavaThread "File lock request listener"        [_thread_in_native, id=15896, stack(0x00000004adf00000,0x00000004ae000000) (1024K)]
  0x000001aad3d39290 JavaThread "Cache worker for file hash cache (C:\Users\maing\.gradle\caches\9.0.0\fileHashes)"        [_thread_blocked, id=15648, stack(0x00000004ae000000,0x00000004ae100000) (1024K)]
  0x000001aad30619f0 JavaThread "File watcher server"        daemon [_thread_blocked, id=5876, stack(0x00000004ae300000,0x00000004ae400000) (1024K)]
  0x000001aad3063430 JavaThread "File watcher consumer"      daemon [_thread_blocked, id=10080, stack(0x00000004ae400000,0x00000004ae500000) (1024K)]
  0x000001aad3060cd0 JavaThread "Cache worker for file content cache (C:\Users\maing\.gradle\caches\9.0.0\fileContent)"        [_thread_blocked, id=16696, stack(0x00000004ae600000,0x00000004ae700000) (1024K)]
  0x000001aad3065b90 JavaThread "jar transforms"                    [_thread_blocked, id=820, stack(0x00000004ae900000,0x00000004aea00000) (1024K)]
  0x000001aad3064150 JavaThread "jar transforms Thread 2"           [_thread_blocked, id=1848, stack(0x00000004aea00000,0x00000004aeb00000) (1024K)]
  0x000001aad3066220 JavaThread "jar transforms Thread 3"           [_thread_blocked, id=11372, stack(0x00000004aeb00000,0x00000004aec00000) (1024K)]
  0x000001aad313e840 JavaThread "jar transforms Thread 4"           [_thread_blocked, id=20812, stack(0x00000004afa00000,0x00000004afb00000) (1024K)]
  0x000001aad313c0e0 JavaThread "jar transforms Thread 5"           [_thread_blocked, id=21384, stack(0x00000004afb00000,0x00000004afc00000) (1024K)]
  0x000001aad3140280 JavaThread "jar transforms Thread 6"           [_thread_blocked, id=988, stack(0x00000004b0300000,0x00000004b0400000) (1024K)]
  0x000001aad3140910 JavaThread "jar transforms Thread 7"           [_thread_blocked, id=18360, stack(0x00000004b0400000,0x00000004b0500000) (1024K)]
  0x000001aad313d490 JavaThread "jar transforms Thread 8"           [_thread_blocked, id=20212, stack(0x00000004b0500000,0x00000004b0600000) (1024K)]
  0x000001aad8035f80 JavaThread "Memory manager"                    [_thread_blocked, id=23148, stack(0x00000004b1b00000,0x00000004b1c00000) (1024K)]
  0x000001aad3321e40 JavaThread "RMI Scheduler(0)"           daemon [_thread_blocked, id=4648, stack(0x00000004b5300000,0x00000004b5400000) (1024K)]
  0x000001aad3322b60 JavaThread "RMI GC Daemon"              daemon [_thread_blocked, id=4088, stack(0x00000004b5500000,0x00000004b5600000) (1024K)]
  0x000001aad331f6e0 JavaThread "RMI TCP Accept-0"           daemon [_thread_in_native, id=23180, stack(0x00000004b5600000,0x00000004b5700000) (1024K)]
  0x000001aad33231f0 JavaThread "RMI Reaper"                        [_thread_blocked, id=2160, stack(0x00000004b5700000,0x00000004b5800000) (1024K)]
  0x000001aad3323f10 JavaThread "Cache worker for Java compile cache (C:\Users\maing\.gradle\caches\9.0.0\javaCompile)"        [_thread_blocked, id=10540, stack(0x00000004b5900000,0x00000004b5a00000) (1024K)]
  0x000001aadebc7d40 JavaThread "Daemon Thread 26"                  [_thread_blocked, id=6508, stack(0x00000004ab600000,0x00000004ab700000) (1024K)]
  0x000001aae534d600 JavaThread "Daemon worker Thread 26"           [_thread_blocked, id=14988, stack(0x00000004ad400000,0x00000004ad500000) (1024K)]
  0x000001aad66d88d0 JavaThread "included builds"                   [_thread_blocked, id=20104, stack(0x00000004b0c00000,0x00000004b0d00000) (1024K)]
  0x000001aadd3f6dc0 JavaThread "RMI TCP Connection(idle)"   daemon [_thread_blocked, id=18240, stack(0x00000004b3e00000,0x00000004b3f00000) (1024K)]
  0x000001aad3641dc0 JavaThread "RMI TCP Connection(idle)"   daemon [_thread_blocked, id=12212, stack(0x00000004b3f00000,0x00000004b4000000) (1024K)]
  0x000001aae68b2770 JavaThread "ForkJoinPool.commonPool-worker-150" daemon [_thread_blocked, id=17612, stack(0x00000004b3d00000,0x00000004b3e00000) (1024K)]
  0x000001aadeb8e370 JavaThread "ForkJoinPool.commonPool-worker-151" daemon [_thread_blocked, id=16676, stack(0x00000004b4800000,0x00000004b4900000) (1024K)]
  0x000001aae68b0d30 JavaThread "ForkJoinPool.commonPool-worker-152" daemon [_thread_blocked, id=22088, stack(0x00000004b4900000,0x00000004b4a00000) (1024K)]
  0x000001aadd0cb9e0 JavaThread "ForkJoinPool.commonPool-worker-153" daemon [_thread_blocked, id=23424, stack(0x00000004b4a00000,0x00000004b4b00000) (1024K)]
  0x000001aadeb8d650 JavaThread "ForkJoinPool.commonPool-worker-154" daemon [_thread_blocked, id=23636, stack(0x00000004b4b00000,0x00000004b4c00000) (1024K)]
  0x000001aad66c1020 JavaThread "ForkJoinPool.commonPool-worker-155" daemon [_thread_blocked, id=24296, stack(0x00000004b4c00000,0x00000004b4d00000) (1024K)]
  0x000001aae68b13c0 JavaThread "ForkJoinPool.commonPool-worker-156" daemon [_thread_blocked, id=24272, stack(0x00000004b4d00000,0x00000004b4e00000) (1024K)]
  0x000001aadd3f60a0 JavaThread "VFS cleanup Thread 26"             [_thread_blocked, id=8372, stack(0x00000004ad500000,0x00000004ad600000) (1024K)]
  0x000001aad5658ef0 JavaThread "Handler for socket connection from /127.0.0.1:63283 to /127.0.0.1:59228"        [_thread_in_native, id=4760, stack(0x00000004ab700000,0x00000004ab800000) (1024K)]
  0x000001aad565b650 JavaThread "Cancel handler"                    [_thread_blocked, id=12248, stack(0x00000004ab800000,0x00000004ab900000) (1024K)]
  0x000001aad3fb80d0 JavaThread "Asynchronous log dispatcher for DefaultDaemonConnection: socket connection from /127.0.0.1:63283 to /127.0.0.1:59228"        [_thread_blocked, id=2056, stack(0x00000004ad600000,0x00000004ad700000) (1024K)]
  0x000001aad3fb9480 JavaThread "Stdin handler"                     [_thread_blocked, id=12880, stack(0x00000004ad700000,0x00000004ad800000) (1024K)]
  0x000001aae4b4ee90 JavaThread "Daemon client event forwarder"        [_thread_blocked, id=14008, stack(0x00000004ad800000,0x00000004ad900000) (1024K)]
  0x000001aae4b508d0 JavaThread "Cache worker for file hash cache (C:\Users\maing\Downloads\AVLA_skeleton (1)\AVLA\.gradle\9.0.0\fileHashes)"        [_thread_blocked, id=15908, stack(0x00000004ada00000,0x00000004adb00000) (1024K)]
  0x000001aae4b51c80 JavaThread "Cache worker for Build Output Cleanup Cache (C:\Users\maing\Downloads\AVLA_skeleton (1)\AVLA\.gradle\buildOutputCleanup)"        [_thread_blocked, id=18888, stack(0x00000004ade00000,0x00000004adf00000) (1024K)]
  0x000001aae4b50f60 JavaThread "Cache worker for checksums cache (C:\Users\maing\Downloads\AVLA_skeleton (1)\AVLA\.gradle\9.0.0\checksums)"        [_thread_blocked, id=24172, stack(0x00000004ae100000,0x00000004ae200000) (1024K)]
  0x000001aae4b4e800 JavaThread "Cache worker for cache directory md-supplier (C:\Users\maing\.gradle\caches\9.0.0\md-supplier)"        [_thread_blocked, id=23856, stack(0x00000004ae200000,0x00000004ae300000) (1024K)]
  0x000001aae4b4f520 JavaThread "Cache worker for cache directory md-rule (C:\Users\maing\.gradle\caches\9.0.0\md-rule)"        [_thread_blocked, id=12708, stack(0x00000004ae500000,0x00000004ae600000) (1024K)]
  0x000001aadeb8ea00 JavaThread "Unconstrained build operations"        [_thread_blocked, id=23840, stack(0x00000004ae800000,0x00000004ae900000) (1024K)]
  0x000001aadeb90ad0 JavaThread "Unconstrained build operations Thread 2"        [_thread_blocked, id=23136, stack(0x00000004aec00000,0x00000004aed00000) (1024K)]
  0x000001aadeb8fdb0 JavaThread "Unconstrained build operations Thread 3"        [_thread_blocked, id=24016, stack(0x00000004aed00000,0x00000004aee00000) (1024K)]
  0x000001aadeb91160 JavaThread "Unconstrained build operations Thread 4"        [_thread_blocked, id=18696, stack(0x00000004aee00000,0x00000004aef00000) (1024K)]
  0x000001aadeb8dce0 JavaThread "Unconstrained build operations Thread 5"        [_thread_blocked, id=5252, stack(0x00000004aef00000,0x00000004af000000) (1024K)]
  0x000001aadeb92510 JavaThread "Unconstrained build operations Thread 6"        [_thread_blocked, id=5648, stack(0x00000004af000000,0x00000004af100000) (1024K)]
  0x000001aadeb917f0 JavaThread "Unconstrained build operations Thread 7"        [_thread_blocked, id=3960, stack(0x00000004af100000,0x00000004af200000) (1024K)]
  0x000001aadeb938c0 JavaThread "Unconstrained build operations Thread 8"        [_thread_blocked, id=17720, stack(0x00000004af200000,0x00000004af300000) (1024K)]
  0x000001aadeb93230 JavaThread "Unconstrained build operations Thread 9"        [_thread_blocked, id=12300, stack(0x00000004af300000,0x00000004af400000) (1024K)]
  0x000001aadeb93f50 JavaThread "Unconstrained build operations Thread 10"        [_thread_blocked, id=2352, stack(0x00000004af400000,0x00000004af500000) (1024K)]
  0x000001aae4b4fbb0 JavaThread "Unconstrained build operations Thread 11"        [_thread_blocked, id=15936, stack(0x00000004af500000,0x00000004af600000) (1024K)]
  0x000001aae4b50240 JavaThread "Unconstrained build operations Thread 12"        [_thread_blocked, id=24368, stack(0x00000004af600000,0x00000004af700000) (1024K)]
  0x000001aae4b515f0 JavaThread "Unconstrained build operations Thread 13"        [_thread_blocked, id=4304, stack(0x00000004af700000,0x00000004af800000) (1024K)]
  0x000001aacd21b3a0 JavaThread "Unconstrained build operations Thread 14"        [_thread_blocked, id=24176, stack(0x00000004af800000,0x00000004af900000) (1024K)]
  0x000001aae68b20e0 JavaThread "Unconstrained build operations Thread 15"        [_thread_blocked, id=23464, stack(0x00000004af900000,0x00000004afa00000) (1024K)]
  0x000001aae68b3490 JavaThread "Unconstrained build operations Thread 16"        [_thread_blocked, id=16636, stack(0x00000004afc00000,0x00000004afd00000) (1024K)]
  0x000001aae68b06a0 JavaThread "Unconstrained build operations Thread 17"        [_thread_blocked, id=23632, stack(0x00000004afd00000,0x00000004afe00000) (1024K)]
  0x000001aae68b0010 JavaThread "Unconstrained build operations Thread 18"        [_thread_blocked, id=1968, stack(0x00000004afe00000,0x00000004aff00000) (1024K)]
  0x000001aae301b610 JavaThread "Unconstrained build operations Thread 19"        [_thread_blocked, id=21816, stack(0x00000004aff00000,0x00000004b0000000) (1024K)]
  0x000001aae301af80 JavaThread "Unconstrained build operations Thread 20"        [_thread_blocked, id=8040, stack(0x00000004b0000000,0x00000004b0100000) (1024K)]
  0x000001aad5659580 JavaThread "Unconstrained build operations Thread 21"        [_thread_blocked, id=23624, stack(0x00000004b0100000,0x00000004b0200000) (1024K)]
  0x000001aad5659c10 JavaThread "Unconstrained build operations Thread 22"        [_thread_blocked, id=12696, stack(0x00000004b0200000,0x00000004b0300000) (1024K)]
  0x000001aad5658860 JavaThread "Unconstrained build operations Thread 23"        [_thread_blocked, id=17288, stack(0x00000004b0600000,0x00000004b0700000) (1024K)]
  0x000001aad565a930 JavaThread "Unconstrained build operations Thread 24"        [_thread_blocked, id=6256, stack(0x00000004b0700000,0x00000004b0800000) (1024K)]
  0x000001aad565a2a0 JavaThread "Unconstrained build operations Thread 25"        [_thread_blocked, id=10060, stack(0x00000004b0800000,0x00000004b0900000) (1024K)]
  0x000001aad565afc0 JavaThread "Unconstrained build operations Thread 26"        [_thread_blocked, id=11600, stack(0x00000004b0900000,0x00000004b0a00000) (1024K)]
  0x000001aad56581d0 JavaThread "Unconstrained build operations Thread 27"        [_thread_blocked, id=15604, stack(0x00000004b0a00000,0x00000004b0b00000) (1024K)]
  0x000001aade677a60 JavaThread "Unconstrained build operations Thread 28"        [_thread_blocked, id=18560, stack(0x00000004b0b00000,0x00000004b0c00000) (1024K)]
  0x000001aade6773d0 JavaThread "build event listener"              [_thread_blocked, id=5712, stack(0x00000004b0d00000,0x00000004b0e00000) (1024K)]
  0x000001aad66bdba0 JavaThread "build event listener"              [_thread_blocked, id=13484, stack(0x00000004b0e00000,0x00000004b0f00000) (1024K)]
  0x000001aad66be230 JavaThread "Problems report writer"            [_thread_blocked, id=21592, stack(0x00000004b0f00000,0x00000004b1000000) (1024K)]
  0x000001aadeb945e0 JavaThread "included builds"                   [_thread_blocked, id=22048, stack(0x00000004b1000000,0x00000004b1100000) (1024K)]
  0x000001aae357b520 JavaThread "Execution worker"                  [_thread_blocked, id=2896, stack(0x00000004b1100000,0x00000004b1200000) (1024K)]
  0x000001aae3579ae0 JavaThread "Execution worker Thread 2"         [_thread_blocked, id=12276, stack(0x00000004b1200000,0x00000004b1300000) (1024K)]
  0x000001aae357ae90 JavaThread "Execution worker Thread 3"         [_thread_blocked, id=22188, stack(0x00000004b1300000,0x00000004b1400000) (1024K)]
  0x000001aae471efb0 JavaThread "Execution worker Thread 4"         [_thread_blocked, id=15584, stack(0x00000004b1400000,0x00000004b1500000) (1024K)]
  0x000001aae471e290 JavaThread "Execution worker Thread 5"         [_thread_blocked, id=9088, stack(0x00000004b1500000,0x00000004b1600000) (1024K)]
  0x000001aae471f640 JavaThread "Execution worker Thread 6"         [_thread_blocked, id=7904, stack(0x00000004b1600000,0x00000004b1700000) (1024K)]
  0x000001aae471e920 JavaThread "Execution worker Thread 7"         [_thread_blocked, id=17708, stack(0x00000004b1700000,0x00000004b1800000) (1024K)]
  0x000001aae5851c90 JavaThread "Cache worker for execution history cache (C:\Users\maing\Downloads\AVLA_skeleton (1)\AVLA\.gradle\9.0.0\executionHistory)"        [_thread_blocked, id=3900, stack(0x00000004b1800000,0x00000004b1900000) (1024K)]
  0x000001aad66d6800 JavaThread "Unconstrained build operations Thread 29"        [_thread_blocked, id=4396, stack(0x00000004b1900000,0x00000004b1a00000) (1024K)]
  0x000001aad66d8240 JavaThread "Unconstrained build operations Thread 30"        [_thread_blocked, id=10920, stack(0x00000004b1a00000,0x00000004b1b00000) (1024K)]
  0x000001aad66d95f0 JavaThread "Unconstrained build operations Thread 31"        [_thread_blocked, id=12964, stack(0x00000004b1c00000,0x00000004b1d00000) (1024K)]
  0x000001aad66d6170 JavaThread "Unconstrained build operations Thread 32"        [_thread_blocked, id=17016, stack(0x00000004b1d00000,0x00000004b1e00000) (1024K)]
  0x000001aad66d8f60 JavaThread "Unconstrained build operations Thread 33"        [_thread_blocked, id=23720, stack(0x00000004b1e00000,0x00000004b1f00000) (1024K)]
  0x000001aad66d6e90 JavaThread "Unconstrained build operations Thread 34"        [_thread_blocked, id=21108, stack(0x00000004b1f00000,0x00000004b2000000) (1024K)]
  0x000001aae3835180 JavaThread "Unconstrained build operations Thread 35"        [_thread_blocked, id=16412, stack(0x00000004b2000000,0x00000004b2100000) (1024K)]
  0x000001aae58529b0 JavaThread "Unconstrained build operations Thread 36"        [_thread_blocked, id=3132, stack(0x00000004b2100000,0x00000004b2200000) (1024K)]
  0x000001aae5853040 JavaThread "Unconstrained build operations Thread 37"        [_thread_blocked, id=24540, stack(0x00000004b2200000,0x00000004b2300000) (1024K)]
  0x000001aae5854a80 JavaThread "Unconstrained build operations Thread 38"        [_thread_blocked, id=16060, stack(0x00000004b2300000,0x00000004b2400000) (1024K)]
  0x000001aae5855110 JavaThread "Unconstrained build operations Thread 39"        [_thread_blocked, id=20892, stack(0x00000004b2400000,0x00000004b2500000) (1024K)]
  0x000001aae58536d0 JavaThread "Unconstrained build operations Thread 40"        [_thread_blocked, id=17156, stack(0x00000004b2500000,0x00000004b2600000) (1024K)]
  0x000001aae5852320 JavaThread "Unconstrained build operations Thread 41"        [_thread_blocked, id=23668, stack(0x00000004b2600000,0x00000004b2700000) (1024K)]
  0x000001aae5853d60 JavaThread "Unconstrained build operations Thread 42"        [_thread_blocked, id=3440, stack(0x00000004b2700000,0x00000004b2800000) (1024K)]
  0x000001aae58543f0 JavaThread "WorkerExecutor Queue"              [_thread_blocked, id=24564, stack(0x00000004b2800000,0x00000004b2900000) (1024K)]
  0x000001aacd21c750 JavaThread "WorkerExecutor Queue Thread 2"        [_thread_blocked, id=21148, stack(0x00000004b2900000,0x00000004b2a00000) (1024K)]
  0x000001aacd21ba30 JavaThread "WorkerExecutor Queue Thread 3"        [_thread_blocked, id=23944, stack(0x00000004b2a00000,0x00000004b2b00000) (1024K)]
  0x000001aacd219ff0 JavaThread "WorkerExecutor Queue Thread 4"        [_thread_blocked, id=24324, stack(0x00000004b2b00000,0x00000004b2c00000) (1024K)]
  0x000001aacd21d470 JavaThread "WorkerExecutor Queue Thread 5"        [_thread_blocked, id=10364, stack(0x00000004b2c00000,0x00000004b2d00000) (1024K)]
  0x000001aacd21a680 JavaThread "WorkerExecutor Queue Thread 6"        [_thread_blocked, id=6816, stack(0x00000004b2d00000,0x00000004b2e00000) (1024K)]
  0x000001aacd21cde0 JavaThread "WorkerExecutor Queue Thread 7"        [_thread_blocked, id=22036, stack(0x00000004b2e00000,0x00000004b2f00000) (1024K)]
  0x000001aacd21ad10 JavaThread "WorkerExecutor Queue Thread 8"        [_thread_blocked, id=20276, stack(0x00000004b2f00000,0x00000004b3000000) (1024K)]
  0x000001aacd21c0c0 JavaThread "WorkerExecutor Queue Thread 9"        [_thread_blocked, id=21984, stack(0x00000004ae700000,0x00000004ae800000) (1024K)]
  0x000001aad3fbaec0 JavaThread "Unconstrained build operations Thread 43"        [_thread_blocked, id=9152, stack(0x00000004b3000000,0x00000004b3100000) (1024K)]
  0x000001aad3fba1a0 JavaThread "Unconstrained build operations Thread 44"        [_thread_blocked, id=23356, stack(0x00000004b3100000,0x00000004b3200000) (1024K)]
  0x000001aad3fba830 JavaThread "Unconstrained build operations Thread 45"        [_thread_blocked, id=24536, stack(0x00000004b3200000,0x00000004b3300000) (1024K)]
  0x000001aad3fbb550 JavaThread "Unconstrained build operations Thread 46"        [_thread_blocked, id=23648, stack(0x00000004b3300000,0x00000004b3400000) (1024K)]
  0x000001aad3fb9b10 JavaThread "Unconstrained build operations Thread 47"        [_thread_blocked, id=11828, stack(0x00000004b3400000,0x00000004b3500000) (1024K)]
  0x000001aad3fb8760 JavaThread "Unconstrained build operations Thread 48"        [_thread_blocked, id=11992, stack(0x00000004b3500000,0x00000004b3600000) (1024K)]
  0x000001aae3019bd0 JavaThread "Unconstrained build operations Thread 49"        [_thread_blocked, id=16644, stack(0x00000004b3600000,0x00000004b3700000) (1024K)]
  0x000001aae3833740 JavaThread "Unconstrained build operations Thread 50"        [_thread_blocked, id=1300, stack(0x00000004b3800000,0x00000004b3900000) (1024K)]
  0x000001aae3835810 JavaThread "Unconstrained build operations Thread 51"        [_thread_blocked, id=13836, stack(0x00000004b3900000,0x00000004b3a00000) (1024K)]
  0x000001aae3834af0 JavaThread "Unconstrained build operations Thread 52"        [_thread_blocked, id=16716, stack(0x00000004b3a00000,0x00000004b3b00000) (1024K)]
  0x000001aadd3fa8d0 JavaThread "Unconstrained build operations Thread 53"        [_thread_blocked, id=5004, stack(0x00000004b3b00000,0x00000004b3c00000) (1024K)]
  0x000001aadd3f7450 JavaThread "Unconstrained build operations Thread 54"        [_thread_blocked, id=5040, stack(0x00000004b3c00000,0x00000004b3d00000) (1024K)]
  0x000001aadd3f8800 JavaThread "Unconstrained build operations Thread 55"        [_thread_blocked, id=12728, stack(0x00000004b4000000,0x00000004b4100000) (1024K)]
  0x000001aadd3f8e90 JavaThread "Unconstrained build operations Thread 56"        [_thread_blocked, id=12000, stack(0x00000004b3700000,0x00000004b3800000) (1024K)]
  0x000001aadee19810 JavaThread "pool-112-thread-1"                 [_thread_blocked, id=14848, stack(0x00000004b4100000,0x00000004b4200000) (1024K)]
  0x000001aadee19ea0 JavaThread "stderr"                            [_thread_in_native, id=20936, stack(0x00000004b4200000,0x00000004b4300000) (1024K)]
  0x000001aade5bef70 JavaThread "stdout"                            [_thread_in_native, id=23684, stack(0x00000004b4300000,0x00000004b4400000) (1024K)]
  0x000001aae3832390 JavaThread "stderr"                            [_thread_in_native, id=14756, stack(0x00000004b4500000,0x00000004b4600000) (1024K)]
  0x000001aae3b67580 JavaThread "stdout"                            [_thread_in_native, id=4568, stack(0x00000004b4600000,0x00000004b4700000) (1024K)]
  0x000001aade6780f0 JavaThread "ForkJoinPool-1-worker-1"    daemon [_thread_blocked, id=3296, stack(0x00000004ad900000,0x00000004ada00000) (1024K)]
  0x000001aae301bca0 JavaThread "ForkJoinPool-1-worker-2"    daemon [_thread_blocked, id=21300, stack(0x00000004b4400000,0x00000004b4500000) (1024K)]
  0x000001aade67a1c0 JavaThread "ForkJoinPool-1-worker-3"    daemon [_thread_blocked, id=20284, stack(0x00000004b4700000,0x00000004b4800000) (1024K)]
  0x000001aade5bfc90 JavaThread "ForkJoinPool-1-worker-4"    daemon [_thread_blocked, id=8340, stack(0x00000004b4e00000,0x00000004b4f00000) (1024K)]
  0x000001aad66bce80 JavaThread "ForkJoinPool-1-worker-5"    daemon [_thread_blocked, id=24004, stack(0x00000004b4f00000,0x00000004b5000000) (1024K)]
  0x000001aadd3f9bb0 JavaThread "ForkJoinPool-1-worker-6"    daemon [_thread_blocked, id=1800, stack(0x00000004b5000000,0x00000004b5100000) (1024K)]
  0x000001aade5bcea0 JavaThread "ForkJoinPool-1-worker-7"    daemon [_thread_blocked, id=21200, stack(0x00000004b5100000,0x00000004b5200000) (1024K)]
  0x000001aade676d40 JavaThread "ForkJoinPool-1-worker-8"    daemon [_thread_blocked, id=3508, stack(0x00000004b5200000,0x00000004b5300000) (1024K)]
  0x000001aade6555f0 JavaThread "C2 CompilerThread1"         daemon [_thread_blocked, id=6332, stack(0x00000004b5400000,0x00000004b5500000) (1024K)]
  0x000001aade65c2f0 JavaThread "C2 CompilerThread2"         daemon [_thread_blocked, id=9984, stack(0x00000004b5800000,0x00000004b5900000) (1024K)]
Total: 149

Other Threads:
  0x000001aacce42510 VMThread "VM Thread"                           [id=2712, stack(0x00000004ac000000,0x00000004ac100000) (1024K)]
  0x000001aaccf20da0 WatcherThread "VM Periodic Task Thread"        [id=4580, stack(0x00000004abf00000,0x00000004ac000000) (1024K)]
  0x000001aab57d3ad0 WorkerThread "GC Thread#0"                     [id=3924, stack(0x00000004aba00000,0x00000004abb00000) (1024K)]
  0x000001aacd694ed0 WorkerThread "GC Thread#1"                     [id=14968, stack(0x00000004acc00000,0x00000004acd00000) (1024K)]
  0x000001aacd7fc8f0 WorkerThread "GC Thread#2"                     [id=11952, stack(0x00000004acd00000,0x00000004ace00000) (1024K)]
  0x000001aacd7fcca0 WorkerThread "GC Thread#3"                     [id=8508, stack(0x00000004ace00000,0x00000004acf00000) (1024K)]
  0x000001aacd7fd050 WorkerThread "GC Thread#4"                     [id=23232, stack(0x00000004acf00000,0x00000004ad000000) (1024K)]
=>0x000001aacd7e3470 WorkerThread "GC Thread#5"                     [id=6556, stack(0x00000004ad000000,0x00000004ad100000) (1024K)]
  0x000001aad3cd7080 WorkerThread "GC Thread#6"                     [id=14408, stack(0x00000004adb00000,0x00000004adc00000) (1024K)]
  0x000001aad3cd77e0 WorkerThread "GC Thread#7"                     [id=14320, stack(0x00000004adc00000,0x00000004add00000) (1024K)]
  0x000001aab57e6820 ConcurrentGCThread "G1 Main Marker"            [id=3316, stack(0x00000004abb00000,0x00000004abc00000) (1024K)]
  0x000001aab57e7ff0 WorkerThread "G1 Conc#0"                       [id=18644, stack(0x00000004abc00000,0x00000004abd00000) (1024K)]
  0x000001aad3cd7b90 WorkerThread "G1 Conc#1"                       [id=5292, stack(0x00000004add00000,0x00000004ade00000) (1024K)]
  0x000001aaccd73aa0 ConcurrentGCThread "G1 Refine#0"               [id=11684, stack(0x00000004abd00000,0x00000004abe00000) (1024K)]
  0x000001aaccd752e0 ConcurrentGCThread "G1 Service"                [id=5928, stack(0x00000004abe00000,0x00000004abf00000) (1024K)]
Total: 15

Threads with active compile tasks:
C2 CompilerThread0  9570190 62565       4       com.android.tools.r8.dex.code.N::a (3284 bytes)
C2 CompilerThread1  9570190 62582       4       com.android.tools.r8.dex.C::a (836 bytes)
C2 CompilerThread2  9570191 62595       4       com.android.tools.r8.graph.I0::<init> (158 bytes)
Total: 3

VM state: at safepoint (normal execution)

VM Mutex/Monitor currently owned by a thread:  ([mutex/lock_event])
[0x00007ffe399b5fd0] FreeList_lock - owner thread: 0x000001aacd7e3470
[0x00007ffe399b86d0] Threads_lock - owner thread: 0x000001aacce42510
[0x00007ffe399b87d0] Heap_lock - owner thread: 0x000001aade5bfc90

Heap address: 0x0000000080000000, size: 2048 MB, Compressed Oops mode: 32-bit

CDS archive(s) not mapped
Compressed class space mapped at: 0x0000000100000000-0x0000000140000000, reserved size: 1073741824
Narrow klass base: 0x0000000000000000, Narrow klass shift: 3, Narrow klass range: 0x140000000

GC Precious Log:
 CardTable entry size: 512
 Card Set container configuration: InlinePtr #cards 5 size 8 Array Of Cards #cards 12 size 40 Howl #buckets 4 coarsen threshold 1843 Howl Bitmap #cards 512 size 80 coarsen threshold 460 Card regions per heap region 1 cards per card region 2048
 CPUs: 8 total, 8 available
 Memory: 15920M
 Large Page Support: Disabled
 NUMA Support: Disabled
 Compressed Oops: Enabled (32-bit)
 Heap Region Size: 1M
 Heap Min Capacity: 8M
 Heap Initial Capacity: 250M
 Heap Max Capacity: 2G
 Pre-touch: Disabled
 Parallel Workers: 8
 Concurrent Workers: 2
 Concurrent Refinement Workers: 8
 Periodic GC: Disabled

Heap:
 garbage-first heap   total 698368K, used 567094K [0x0000000080000000, 0x0000000100000000)
  region size 1024K, 275 young (281600K), 35 survivors (35840K)
 Metaspace       used 182913K, committed 185408K, reserved 1245184K
  class space    used 23994K, committed 25472K, reserved 1048576K

Heap Regions: E=young(eden), S=young(survivor), O=old, HS=humongous(starts), HC=humongous(continues), CS=collection set, F=free, TAMS=top-at-mark-start, PB=parsable bottom
|   0|0x0000000080000000, 0x0000000080100000, 0x0000000080100000|100%|HS|  |TAMS 0x0000000080000000| PB 0x0000000080000000| Complete 
|   1|0x0000000080100000, 0x0000000080200000, 0x0000000080200000|100%|HC|  |TAMS 0x0000000080100000| PB 0x0000000080100000| Complete 
|   2|0x0000000080200000, 0x0000000080300000, 0x0000000080300000|100%|HC|  |TAMS 0x0000000080200000| PB 0x0000000080200000| Complete 
|   3|0x0000000080300000, 0x0000000080400000, 0x0000000080400000|100%| O|  |TAMS 0x0000000080300000| PB 0x0000000080300000| Untracked 
|   4|0x0000000080400000, 0x0000000080500000, 0x0000000080500000|100%| O|  |TAMS 0x0000000080400000| PB 0x0000000080400000| Untracked 
|   5|0x0000000080500000, 0x0000000080600000, 0x0000000080600000|100%|HS|  |TAMS 0x0000000080500000| PB 0x0000000080500000| Complete 
|   6|0x0000000080600000, 0x0000000080700000, 0x0000000080700000|100%| O|  |TAMS 0x0000000080600000| PB 0x0000000080600000| Untracked 
|   7|0x0000000080700000, 0x0000000080800000, 0x0000000080800000|100%| O|  |TAMS 0x0000000080700000| PB 0x0000000080700000| Untracked 
|   8|0x0000000080800000, 0x0000000080900000, 0x0000000080900000|100%| O|  |TAMS 0x0000000080800000| PB 0x0000000080800000| Untracked 
|   9|0x0000000080900000, 0x0000000080a00000, 0x0000000080a00000|100%| O|  |TAMS 0x0000000080900000| PB 0x0000000080900000| Untracked 
|  10|0x0000000080a00000, 0x0000000080b00000, 0x0000000080b00000|100%| O|  |TAMS 0x0000000080a00000| PB 0x0000000080a00000| Untracked 
|  11|0x0000000080b00000, 0x0000000080c00000, 0x0000000080c00000|100%| O|  |TAMS 0x0000000080b00000| PB 0x0000000080b00000| Untracked 
|  12|0x0000000080c00000, 0x0000000080d00000, 0x0000000080d00000|100%| O|  |TAMS 0x0000000080c00000| PB 0x0000000080c00000| Untracked 
|  13|0x0000000080d00000, 0x0000000080e00000, 0x0000000080e00000|100%| O|  |TAMS 0x0000000080d00000| PB 0x0000000080d00000| Untracked 
|  14|0x0000000080e00000, 0x0000000080f00000, 0x0000000080f00000|100%| O|  |TAMS 0x0000000080e00000| PB 0x0000000080e00000| Untracked 
|  15|0x0000000080f00000, 0x0000000081000000, 0x0000000081000000|100%| O|  |TAMS 0x0000000080f00000| PB 0x0000000080f00000| Untracked 
|  16|0x0000000081000000, 0x0000000081100000, 0x0000000081100000|100%| O|  |TAMS 0x0000000081000000| PB 0x0000000081000000| Untracked 
|  17|0x0000000081100000, 0x0000000081200000, 0x0000000081200000|100%| O|  |TAMS 0x0000000081100000| PB 0x0000000081100000| Untracked 
|  18|0x0000000081200000, 0x0000000081300000, 0x0000000081300000|100%| O|  |TAMS 0x0000000081200000| PB 0x0000000081200000| Untracked 
|  19|0x0000000081300000, 0x0000000081400000, 0x0000000081400000|100%| O|  |TAMS 0x0000000081300000| PB 0x0000000081300000| Untracked 
|  20|0x0000000081400000, 0x0000000081500000, 0x0000000081500000|100%| O|  |TAMS 0x0000000081400000| PB 0x0000000081400000| Untracked 
|  21|0x0000000081500000, 0x0000000081600000, 0x0000000081600000|100%|HS|  |TAMS 0x0000000081500000| PB 0x0000000081500000| Complete 
|  22|0x0000000081600000, 0x0000000081700000, 0x0000000081700000|100%|HC|  |TAMS 0x0000000081600000| PB 0x0000000081600000| Complete 
|  23|0x0000000081700000, 0x0000000081800000, 0x0000000081800000|100%| O|CS|TAMS 0x0000000081700000| PB 0x0000000081700000| Complete 
|  24|0x0000000081800000, 0x0000000081900000, 0x0000000081900000|100%| O|  |TAMS 0x0000000081800000| PB 0x0000000081800000| Untracked 
|  25|0x0000000081900000, 0x0000000081a00000, 0x0000000081a00000|100%|HS|  |TAMS 0x0000000081900000| PB 0x0000000081900000| Complete 
|  26|0x0000000081a00000, 0x0000000081b00000, 0x0000000081b00000|100%|HC|  |TAMS 0x0000000081a00000| PB 0x0000000081a00000| Complete 
|  27|0x0000000081b00000, 0x0000000081c00000, 0x0000000081c00000|100%| O|CS|TAMS 0x0000000081b00000| PB 0x0000000081b00000| Complete 
|  28|0x0000000081c00000, 0x0000000081d00000, 0x0000000081d00000|100%|HS|  |TAMS 0x0000000081c00000| PB 0x0000000081c00000| Complete 
|  29|0x0000000081d00000, 0x0000000081e00000, 0x0000000081e00000|100%| O|  |TAMS 0x0000000081d00000| PB 0x0000000081d00000| Untracked 
|  30|0x0000000081e00000, 0x0000000081f00000, 0x0000000081f00000|100%| O|  |TAMS 0x0000000081e00000| PB 0x0000000081e00000| Untracked 
|  31|0x0000000081f00000, 0x0000000082000000, 0x0000000082000000|100%| O|  |TAMS 0x0000000081f00000| PB 0x0000000081f00000| Untracked 
|  32|0x0000000082000000, 0x0000000082100000, 0x0000000082100000|100%| O|  |TAMS 0x0000000082000000| PB 0x0000000082000000| Untracked 
|  33|0x0000000082100000, 0x0000000082200000, 0x0000000082200000|100%|HS|  |TAMS 0x0000000082100000| PB 0x0000000082100000| Complete 
|  34|0x0000000082200000, 0x0000000082300000, 0x0000000082300000|100%| O|  |TAMS 0x0000000082200000| PB 0x0000000082200000| Untracked 
|  35|0x0000000082300000, 0x0000000082400000, 0x0000000082400000|100%| O|CS|TAMS 0x0000000082300000| PB 0x0000000082300000| Complete 
|  36|0x0000000082400000, 0x0000000082500000, 0x0000000082500000|100%| O|  |TAMS 0x0000000082400000| PB 0x0000000082400000| Untracked 
|  37|0x0000000082500000, 0x0000000082600000, 0x0000000082600000|100%| O|  |TAMS 0x0000000082500000| PB 0x0000000082500000| Untracked 
|  38|0x0000000082600000, 0x0000000082700000, 0x0000000082700000|100%| O|  |TAMS 0x0000000082600000| PB 0x0000000082600000| Untracked 
|  39|0x0000000082700000, 0x0000000082800000, 0x0000000082800000|100%| O|  |TAMS 0x0000000082700000| PB 0x0000000082700000| Untracked 
|  40|0x0000000082800000, 0x0000000082900000, 0x0000000082900000|100%| O|  |TAMS 0x0000000082800000| PB 0x0000000082800000| Untracked 
|  41|0x0000000082900000, 0x0000000082a00000, 0x0000000082a00000|100%| O|  |TAMS 0x0000000082900000| PB 0x0000000082900000| Untracked 
|  42|0x0000000082a00000, 0x0000000082b00000, 0x0000000082b00000|100%| O|  |TAMS 0x0000000082a00000| PB 0x0000000082a00000| Untracked 
|  43|0x0000000082b00000, 0x0000000082c00000, 0x0000000082c00000|100%| O|  |TAMS 0x0000000082b00000| PB 0x0000000082b00000| Untracked 
|  44|0x0000000082c00000, 0x0000000082d00000, 0x0000000082d00000|100%| O|  |TAMS 0x0000000082c00000| PB 0x0000000082c00000| Untracked 
|  45|0x0000000082d00000, 0x0000000082e00000, 0x0000000082e00000|100%| O|  |TAMS 0x0000000082d00000| PB 0x0000000082d00000| Untracked 
|  46|0x0000000082e00000, 0x0000000082f00000, 0x0000000082f00000|100%|HS|  |TAMS 0x0000000082e00000| PB 0x0000000082e00000| Complete 
|  47|0x0000000082f00000, 0x0000000083000000, 0x0000000083000000|100%| O|  |TAMS 0x0000000082f00000| PB 0x0000000082f00000| Untracked 
|  48|0x0000000083000000, 0x0000000083100000, 0x0000000083100000|100%|HS|  |TAMS 0x0000000083000000| PB 0x0000000083000000| Complete 
|  49|0x0000000083100000, 0x0000000083200000, 0x0000000083200000|100%|HC|  |TAMS 0x0000000083100000| PB 0x0000000083100000| Complete 
|  50|0x0000000083200000, 0x0000000083300000, 0x0000000083300000|100%|HS|  |TAMS 0x0000000083200000| PB 0x0000000083200000| Complete 
|  51|0x0000000083300000, 0x0000000083400000, 0x0000000083400000|100%|HS|  |TAMS 0x0000000083300000| PB 0x0000000083300000| Complete 
|  52|0x0000000083400000, 0x0000000083500000, 0x0000000083500000|100%| O|  |TAMS 0x0000000083400000| PB 0x0000000083400000| Untracked 
|  53|0x0000000083500000, 0x0000000083600000, 0x0000000083600000|100%| O|  |TAMS 0x0000000083500000| PB 0x0000000083500000| Untracked 
|  54|0x0000000083600000, 0x0000000083700000, 0x0000000083700000|100%| O|  |TAMS 0x0000000083600000| PB 0x0000000083600000| Untracked 
|  55|0x0000000083700000, 0x0000000083800000, 0x0000000083800000|100%|HS|  |TAMS 0x0000000083700000| PB 0x0000000083700000| Complete 
|  56|0x0000000083800000, 0x0000000083900000, 0x0000000083900000|100%|HC|  |TAMS 0x0000000083800000| PB 0x0000000083800000| Complete 
|  57|0x0000000083900000, 0x0000000083a00000, 0x0000000083a00000|100%|HS|  |TAMS 0x0000000083900000| PB 0x0000000083900000| Complete 
|  58|0x0000000083a00000, 0x0000000083b00000, 0x0000000083b00000|100%|HC|  |TAMS 0x0000000083a00000| PB 0x0000000083a00000| Complete 
|  59|0x0000000083b00000, 0x0000000083c00000, 0x0000000083c00000|100%|HC|  |TAMS 0x0000000083b00000| PB 0x0000000083b00000| Complete 
|  60|0x0000000083c00000, 0x0000000083d00000, 0x0000000083d00000|100%|HC|  |TAMS 0x0000000083c00000| PB 0x0000000083c00000| Complete 
|  61|0x0000000083d00000, 0x0000000083e00000, 0x0000000083e00000|100%|HS|  |TAMS 0x0000000083d00000| PB 0x0000000083d00000| Complete 
|  62|0x0000000083e00000, 0x0000000083f00000, 0x0000000083f00000|100%| O|  |TAMS 0x0000000083e00000| PB 0x0000000083e00000| Untracked 
|  63|0x0000000083f00000, 0x0000000084000000, 0x0000000084000000|100%|HS|  |TAMS 0x0000000083f00000| PB 0x0000000083f00000| Complete 
|  64|0x0000000084000000, 0x0000000084100000, 0x0000000084100000|100%| O|CS|TAMS 0x0000000084000000| PB 0x0000000084000000| Complete 
|  65|0x0000000084100000, 0x0000000084200000, 0x0000000084200000|100%| O|CS|TAMS 0x0000000084100000| PB 0x0000000084100000| Complete 
|  66|0x0000000084200000, 0x0000000084300000, 0x0000000084300000|100%| O|  |TAMS 0x0000000084200000| PB 0x0000000084200000| Untracked 
|  67|0x0000000084300000, 0x0000000084400000, 0x0000000084400000|100%| O|  |TAMS 0x0000000084300000| PB 0x0000000084300000| Untracked 
|  68|0x0000000084400000, 0x0000000084500000, 0x0000000084500000|100%| O|  |TAMS 0x0000000084400000| PB 0x0000000084400000| Untracked 
|  69|0x0000000084500000, 0x0000000084600000, 0x0000000084600000|100%|HS|  |TAMS 0x0000000084500000| PB 0x0000000084500000| Complete 
|  70|0x0000000084600000, 0x0000000084700000, 0x0000000084700000|100%| O|  |TAMS 0x0000000084600000| PB 0x0000000084600000| Untracked 
|  71|0x0000000084700000, 0x0000000084800000, 0x0000000084800000|100%|HS|  |TAMS 0x0000000084700000| PB 0x0000000084700000| Complete 
|  72|0x0000000084800000, 0x0000000084900000, 0x0000000084900000|100%|HC|  |TAMS 0x0000000084800000| PB 0x0000000084800000| Complete 
|  73|0x0000000084900000, 0x0000000084a00000, 0x0000000084a00000|100%|HC|  |TAMS 0x0000000084900000| PB 0x0000000084900000| Complete 
|  74|0x0000000084a00000, 0x0000000084b00000, 0x0000000084b00000|100%|HC|  |TAMS 0x0000000084a00000| PB 0x0000000084a00000| Complete 
|  75|0x0000000084b00000, 0x0000000084c00000, 0x0000000084c00000|100%| O|CS|TAMS 0x0000000084b00000| PB 0x0000000084b00000| Complete 
|  76|0x0000000084c00000, 0x0000000084d00000, 0x0000000084d00000|100%| O|CS|TAMS 0x0000000084c00000| PB 0x0000000084c00000| Complete 
|  77|0x0000000084d00000, 0x0000000084e00000, 0x0000000084e00000|100%| O|  |TAMS 0x0000000084d00000| PB 0x0000000084d00000| Untracked 
|  78|0x0000000084e00000, 0x0000000084f00000, 0x0000000084f00000|100%|HS|  |TAMS 0x0000000084e00000| PB 0x0000000084e00000| Complete 
|  79|0x0000000084f00000, 0x0000000085000000, 0x0000000085000000|100%| O|  |TAMS 0x0000000084f00000| PB 0x0000000084f00000| Untracked 
|  80|0x0000000085000000, 0x0000000085100000, 0x0000000085100000|100%| O|  |TAMS 0x0000000085000000| PB 0x0000000085000000| Untracked 
|  81|0x0000000085100000, 0x0000000085200000, 0x0000000085200000|100%| O|  |TAMS 0x0000000085100000| PB 0x0000000085100000| Untracked 
|  82|0x0000000085200000, 0x0000000085300000, 0x0000000085300000|100%| O|  |TAMS 0x0000000085200000| PB 0x0000000085200000| Untracked 
|  83|0x0000000085300000, 0x0000000085400000, 0x0000000085400000|100%| O|  |TAMS 0x0000000085300000| PB 0x0000000085300000| Untracked 
|  84|0x0000000085400000, 0x0000000085500000, 0x0000000085500000|100%|HS|  |TAMS 0x0000000085400000| PB 0x0000000085400000| Complete 
|  85|0x0000000085500000, 0x0000000085600000, 0x0000000085600000|100%| O|  |TAMS 0x0000000085500000| PB 0x0000000085500000| Untracked 
|  86|0x0000000085600000, 0x0000000085700000, 0x0000000085700000|100%| O|  |TAMS 0x0000000085600000| PB 0x0000000085600000| Untracked 
|  87|0x0000000085700000, 0x0000000085800000, 0x0000000085800000|100%| O|  |TAMS 0x0000000085700000| PB 0x0000000085700000| Untracked 
|  88|0x0000000085800000, 0x0000000085900000, 0x0000000085900000|100%|HS|  |TAMS 0x0000000085800000| PB 0x0000000085800000| Complete 
|  89|0x0000000085900000, 0x0000000085a00000, 0x0000000085a00000|100%| O|  |TAMS 0x0000000085900000| PB 0x0000000085900000| Untracked 
|  90|0x0000000085a00000, 0x0000000085b00000, 0x0000000085b00000|100%| O|  |TAMS 0x0000000085a00000| PB 0x0000000085a00000| Untracked 
|  91|0x0000000085b00000, 0x0000000085c00000, 0x0000000085c00000|100%| O|  |TAMS 0x0000000085b00000| PB 0x0000000085b00000| Untracked 
|  92|0x0000000085c00000, 0x0000000085d00000, 0x0000000085d00000|100%| O|  |TAMS 0x0000000085c00000| PB 0x0000000085c00000| Untracked 
|  93|0x0000000085d00000, 0x0000000085e00000, 0x0000000085e00000|100%| O|  |TAMS 0x0000000085d00000| PB 0x0000000085d00000| Untracked 
|  94|0x0000000085e00000, 0x0000000085f00000, 0x0000000085f00000|100%| O|  |TAMS 0x0000000085e00000| PB 0x0000000085e00000| Untracked 
|  95|0x0000000085f00000, 0x0000000086000000, 0x0000000086000000|100%| O|  |TAMS 0x0000000085f00000| PB 0x0000000085f00000| Untracked 
|  96|0x0000000086000000, 0x0000000086100000, 0x0000000086100000|100%|HS|  |TAMS 0x0000000086000000| PB 0x0000000086000000| Complete 
|  97|0x0000000086100000, 0x0000000086200000, 0x0000000086200000|100%| O|CS|TAMS 0x0000000086100000| PB 0x0000000086100000| Complete 
|  98|0x0000000086200000, 0x0000000086300000, 0x0000000086300000|100%| O|  |TAMS 0x0000000086200000| PB 0x0000000086200000| Untracked 
|  99|0x0000000086300000, 0x0000000086400000, 0x0000000086400000|100%| O|  |TAMS 0x0000000086300000| PB 0x0000000086300000| Untracked 
| 100|0x0000000086400000, 0x0000000086500000, 0x0000000086500000|100%| O|  |TAMS 0x0000000086400000| PB 0x0000000086400000| Untracked 
| 101|0x0000000086500000, 0x0000000086600000, 0x0000000086600000|100%| O|  |TAMS 0x0000000086500000| PB 0x0000000086500000| Untracked 
| 102|0x0000000086600000, 0x0000000086700000, 0x0000000086700000|100%| O|  |TAMS 0x0000000086600000| PB 0x0000000086600000| Untracked 
| 103|0x0000000086700000, 0x0000000086800000, 0x0000000086800000|100%| O|CS|TAMS 0x0000000086700000| PB 0x0000000086700000| Complete 
| 104|0x0000000086800000, 0x0000000086900000, 0x0000000086900000|100%|HS|  |TAMS 0x0000000086800000| PB 0x0000000086800000| Complete 
| 105|0x0000000086900000, 0x0000000086a00000, 0x0000000086a00000|100%| O|CS|TAMS 0x0000000086900000| PB 0x0000000086900000| Complete 
| 106|0x0000000086a00000, 0x0000000086b00000, 0x0000000086b00000|100%|HS|  |TAMS 0x0000000086a00000| PB 0x0000000086a00000| Complete 
| 107|0x0000000086b00000, 0x0000000086c00000, 0x0000000086c00000|100%| O|  |TAMS 0x0000000086b00000| PB 0x0000000086b00000| Untracked 
| 108|0x0000000086c00000, 0x0000000086d00000, 0x0000000086d00000|100%| O|  |TAMS 0x0000000086c00000| PB 0x0000000086c00000| Untracked 
| 109|0x0000000086d00000, 0x0000000086e00000, 0x0000000086e00000|100%| O|  |TAMS 0x0000000086d00000| PB 0x0000000086d00000| Untracked 
| 110|0x0000000086e00000, 0x0000000086f00000, 0x0000000086f00000|100%| O|  |TAMS 0x0000000086e00000| PB 0x0000000086e00000| Untracked 
| 111|0x0000000086f00000, 0x0000000087000000, 0x0000000087000000|100%| O|  |TAMS 0x0000000086f00000| PB 0x0000000086f00000| Untracked 
| 112|0x0000000087000000, 0x0000000087100000, 0x0000000087100000|100%|HS|  |TAMS 0x0000000087000000| PB 0x0000000087000000| Complete 
| 113|0x0000000087100000, 0x0000000087200000, 0x0000000087200000|100%|HC|  |TAMS 0x0000000087100000| PB 0x0000000087100000| Complete 
| 114|0x0000000087200000, 0x0000000087300000, 0x0000000087300000|100%| O|  |TAMS 0x0000000087200000| PB 0x0000000087200000| Untracked 
| 115|0x0000000087300000, 0x0000000087400000, 0x0000000087400000|100%| O|  |TAMS 0x0000000087300000| PB 0x0000000087300000| Untracked 
| 116|0x0000000087400000, 0x0000000087500000, 0x0000000087500000|100%| O|  |TAMS 0x0000000087400000| PB 0x0000000087400000| Untracked 
| 117|0x0000000087500000, 0x0000000087600000, 0x0000000087600000|100%|HS|  |TAMS 0x0000000087500000| PB 0x0000000087500000| Complete 
| 118|0x0000000087600000, 0x0000000087700000, 0x0000000087700000|100%|HC|  |TAMS 0x0000000087600000| PB 0x0000000087600000| Complete 
| 119|0x0000000087700000, 0x0000000087800000, 0x0000000087800000|100%| O|  |TAMS 0x0000000087700000| PB 0x0000000087700000| Untracked 
| 120|0x0000000087800000, 0x0000000087900000, 0x0000000087900000|100%| O|  |TAMS 0x0000000087800000| PB 0x0000000087800000| Untracked 
| 121|0x0000000087900000, 0x0000000087a00000, 0x0000000087a00000|100%| O|  |TAMS 0x0000000087900000| PB 0x0000000087900000| Untracked 
| 122|0x0000000087a00000, 0x0000000087b00000, 0x0000000087b00000|100%| O|  |TAMS 0x0000000087a00000| PB 0x0000000087a00000| Untracked 
| 123|0x0000000087b00000, 0x0000000087c00000, 0x0000000087c00000|100%| O|  |TAMS 0x0000000087b00000| PB 0x0000000087b00000| Untracked 
| 124|0x0000000087c00000, 0x0000000087d00000, 0x0000000087d00000|100%| O|  |TAMS 0x0000000087c00000| PB 0x0000000087c00000| Untracked 
| 125|0x0000000087d00000, 0x0000000087e00000, 0x0000000087e00000|100%| O|  |TAMS 0x0000000087d00000| PB 0x0000000087d00000| Untracked 
| 126|0x0000000087e00000, 0x0000000087f00000, 0x0000000087f00000|100%| O|  |TAMS 0x0000000087e00000| PB 0x0000000087e00000| Untracked 
| 127|0x0000000087f00000, 0x0000000088000000, 0x0000000088000000|100%| O|  |TAMS 0x0000000087f00000| PB 0x0000000087f00000| Untracked 
| 128|0x0000000088000000, 0x0000000088100000, 0x0000000088100000|100%|HS|  |TAMS 0x0000000088000000| PB 0x0000000088000000| Complete 
| 129|0x0000000088100000, 0x0000000088200000, 0x0000000088200000|100%|HC|  |TAMS 0x0000000088100000| PB 0x0000000088100000| Complete 
| 130|0x0000000088200000, 0x0000000088300000, 0x0000000088300000|100%|HS|  |TAMS 0x0000000088200000| PB 0x0000000088200000| Complete 
| 131|0x0000000088300000, 0x0000000088400000, 0x0000000088400000|100%|HC|  |TAMS 0x0000000088300000| PB 0x0000000088300000| Complete 
| 132|0x0000000088400000, 0x0000000088500000, 0x0000000088500000|100%|HS|  |TAMS 0x0000000088400000| PB 0x0000000088400000| Complete 
| 133|0x0000000088500000, 0x0000000088600000, 0x0000000088600000|100%|HC|  |TAMS 0x0000000088500000| PB 0x0000000088500000| Complete 
| 134|0x0000000088600000, 0x0000000088700000, 0x0000000088700000|100%|HS|  |TAMS 0x0000000088600000| PB 0x0000000088600000| Complete 
| 135|0x0000000088700000, 0x0000000088800000, 0x0000000088800000|100%|HC|  |TAMS 0x0000000088700000| PB 0x0000000088700000| Complete 
| 136|0x0000000088800000, 0x0000000088900000, 0x0000000088900000|100%|HC|  |TAMS 0x0000000088800000| PB 0x0000000088800000| Complete 
| 137|0x0000000088900000, 0x0000000088a00000, 0x0000000088a00000|100%| O|  |TAMS 0x0000000088900000| PB 0x0000000088900000| Untracked 
| 138|0x0000000088a00000, 0x0000000088b00000, 0x0000000088b00000|100%| O|  |TAMS 0x0000000088a00000| PB 0x0000000088a00000| Untracked 
| 139|0x0000000088b00000, 0x0000000088c00000, 0x0000000088c00000|100%| O|  |TAMS 0x0000000088b00000| PB 0x0000000088b00000| Untracked 
| 140|0x0000000088c00000, 0x0000000088d00000, 0x0000000088d00000|100%| O|  |TAMS 0x0000000088c00000| PB 0x0000000088c00000| Untracked 
| 141|0x0000000088d00000, 0x0000000088e00000, 0x0000000088e00000|100%| O|  |TAMS 0x0000000088d00000| PB 0x0000000088d00000| Untracked 
| 142|0x0000000088e00000, 0x0000000088f00000, 0x0000000088f00000|100%| O|  |TAMS 0x0000000088e00000| PB 0x0000000088e00000| Untracked 
| 143|0x0000000088f00000, 0x0000000089000000, 0x0000000089000000|100%|HS|  |TAMS 0x0000000088f00000| PB 0x0000000088f00000| Complete 
| 144|0x0000000089000000, 0x0000000089100000, 0x0000000089100000|100%| O|  |TAMS 0x0000000089000000| PB 0x0000000089000000| Untracked 
| 145|0x0000000089100000, 0x0000000089200000, 0x0000000089200000|100%| O|  |TAMS 0x0000000089100000| PB 0x0000000089100000| Untracked 
| 146|0x0000000089200000, 0x0000000089300000, 0x0000000089300000|100%| O|  |TAMS 0x0000000089200000| PB 0x0000000089200000| Untracked 
| 147|0x0000000089300000, 0x0000000089400000, 0x0000000089400000|100%| O|  |TAMS 0x0000000089300000| PB 0x0000000089300000| Untracked 
| 148|0x0000000089400000, 0x0000000089500000, 0x0000000089500000|100%| O|  |TAMS 0x0000000089400000| PB 0x0000000089400000| Untracked 
| 149|0x0000000089500000, 0x0000000089600000, 0x0000000089600000|100%|HS|  |TAMS 0x0000000089500000| PB 0x0000000089500000| Complete 
| 150|0x0000000089600000, 0x0000000089700000, 0x0000000089700000|100%|HC|  |TAMS 0x0000000089600000| PB 0x0000000089600000| Complete 
| 151|0x0000000089700000, 0x0000000089800000, 0x0000000089800000|100%|HC|  |TAMS 0x0000000089700000| PB 0x0000000089700000| Complete 
| 152|0x0000000089800000, 0x0000000089900000, 0x0000000089900000|100%|HS|  |TAMS 0x0000000089800000| PB 0x0000000089800000| Complete 
| 153|0x0000000089900000, 0x0000000089a00000, 0x0000000089a00000|100%|HC|  |TAMS 0x0000000089900000| PB 0x0000000089900000| Complete 
| 154|0x0000000089a00000, 0x0000000089b00000, 0x0000000089b00000|100%| O|  |TAMS 0x0000000089a00000| PB 0x0000000089a00000| Untracked 
| 155|0x0000000089b00000, 0x0000000089c00000, 0x0000000089c00000|100%| O|  |TAMS 0x0000000089b00000| PB 0x0000000089b00000| Untracked 
| 156|0x0000000089c00000, 0x0000000089d00000, 0x0000000089d00000|100%| O|  |TAMS 0x0000000089c00000| PB 0x0000000089c00000| Untracked 
| 157|0x0000000089d00000, 0x0000000089e00000, 0x0000000089e00000|100%| O|  |TAMS 0x0000000089d00000| PB 0x0000000089d00000| Untracked 
| 158|0x0000000089e00000, 0x0000000089f00000, 0x0000000089f00000|100%| O|  |TAMS 0x0000000089e00000| PB 0x0000000089e00000| Untracked 
| 159|0x0000000089f00000, 0x000000008a000000, 0x000000008a000000|100%|HS|  |TAMS 0x0000000089f00000| PB 0x0000000089f00000| Complete 
| 160|0x000000008a000000, 0x000000008a100000, 0x000000008a100000|100%| O|  |TAMS 0x000000008a000000| PB 0x000000008a000000| Untracked 
| 161|0x000000008a100000, 0x000000008a200000, 0x000000008a200000|100%|HS|  |TAMS 0x000000008a100000| PB 0x000000008a100000| Complete 
| 162|0x000000008a200000, 0x000000008a300000, 0x000000008a300000|100%| O|  |TAMS 0x000000008a200000| PB 0x000000008a200000| Untracked 
| 163|0x000000008a300000, 0x000000008a400000, 0x000000008a400000|100%| O|  |TAMS 0x000000008a300000| PB 0x000000008a300000| Untracked 
| 164|0x000000008a400000, 0x000000008a500000, 0x000000008a500000|100%| O|  |TAMS 0x000000008a400000| PB 0x000000008a400000| Untracked 
| 165|0x000000008a500000, 0x000000008a600000, 0x000000008a600000|100%|HS|  |TAMS 0x000000008a500000| PB 0x000000008a500000| Complete 
| 166|0x000000008a600000, 0x000000008a700000, 0x000000008a700000|100%|HC|  |TAMS 0x000000008a600000| PB 0x000000008a600000| Complete 
| 167|0x000000008a700000, 0x000000008a800000, 0x000000008a800000|100%| O|  |TAMS 0x000000008a700000| PB 0x000000008a700000| Untracked 
| 168|0x000000008a800000, 0x000000008a900000, 0x000000008a900000|100%| O|  |TAMS 0x000000008a800000| PB 0x000000008a800000| Untracked 
| 169|0x000000008a900000, 0x000000008aa00000, 0x000000008aa00000|100%|HS|  |TAMS 0x000000008a900000| PB 0x000000008a900000| Complete 
| 170|0x000000008aa00000, 0x000000008ab00000, 0x000000008ab00000|100%|HC|  |TAMS 0x000000008aa00000| PB 0x000000008aa00000| Complete 
| 171|0x000000008ab00000, 0x000000008ac00000, 0x000000008ac00000|100%| O|  |TAMS 0x000000008ab00000| PB 0x000000008ab00000| Untracked 
| 172|0x000000008ac00000, 0x000000008ad00000, 0x000000008ad00000|100%| O|  |TAMS 0x000000008ac00000| PB 0x000000008ac00000| Untracked 
| 173|0x000000008ad00000, 0x000000008ae00000, 0x000000008ae00000|100%| O|  |TAMS 0x000000008ad00000| PB 0x000000008ad00000| Untracked 
| 174|0x000000008ae00000, 0x000000008af00000, 0x000000008af00000|100%|HS|  |TAMS 0x000000008ae00000| PB 0x000000008ae00000| Complete 
| 175|0x000000008af00000, 0x000000008b000000, 0x000000008b000000|100%|HC|  |TAMS 0x000000008af00000| PB 0x000000008af00000| Complete 
| 176|0x000000008b000000, 0x000000008b100000, 0x000000008b100000|100%| O|  |TAMS 0x000000008b000000| PB 0x000000008b000000| Untracked 
| 177|0x000000008b100000, 0x000000008b200000, 0x000000008b200000|100%| O|  |TAMS 0x000000008b100000| PB 0x000000008b100000| Untracked 
| 178|0x000000008b200000, 0x000000008b300000, 0x000000008b300000|100%| O|  |TAMS 0x000000008b200000| PB 0x000000008b200000| Untracked 
| 179|0x000000008b300000, 0x000000008b400000, 0x000000008b400000|100%| O|  |TAMS 0x000000008b300000| PB 0x000000008b300000| Untracked 
| 180|0x000000008b400000, 0x000000008b500000, 0x000000008b500000|100%| O|  |TAMS 0x000000008b400000| PB 0x000000008b400000| Untracked 
| 181|0x000000008b500000, 0x000000008b600000, 0x000000008b600000|100%| O|  |TAMS 0x000000008b500000| PB 0x000000008b500000| Untracked 
| 182|0x000000008b600000, 0x000000008b700000, 0x000000008b700000|100%|HS|  |TAMS 0x000000008b600000| PB 0x000000008b600000| Complete 
| 183|0x000000008b700000, 0x000000008b800000, 0x000000008b800000|100%|HC|  |TAMS 0x000000008b700000| PB 0x000000008b700000| Complete 
| 184|0x000000008b800000, 0x000000008b900000, 0x000000008b900000|100%| O|  |TAMS 0x000000008b800000| PB 0x000000008b800000| Untracked 
| 185|0x000000008b900000, 0x000000008ba00000, 0x000000008ba00000|100%| O|  |TAMS 0x000000008b900000| PB 0x000000008b900000| Untracked 
| 186|0x000000008ba00000, 0x000000008bb00000, 0x000000008bb00000|100%|HS|  |TAMS 0x000000008ba00000| PB 0x000000008ba00000| Complete 
| 187|0x000000008bb00000, 0x000000008bc00000, 0x000000008bc00000|100%|HC|  |TAMS 0x000000008bb00000| PB 0x000000008bb00000| Complete 
| 188|0x000000008bc00000, 0x000000008bd00000, 0x000000008bd00000|100%| O|  |TAMS 0x000000008bc00000| PB 0x000000008bc00000| Untracked 
| 189|0x000000008bd00000, 0x000000008be00000, 0x000000008be00000|100%| O|  |TAMS 0x000000008bd00000| PB 0x000000008bd00000| Untracked 
| 190|0x000000008be00000, 0x000000008bf00000, 0x000000008bf00000|100%| O|  |TAMS 0x000000008be00000| PB 0x000000008be00000| Untracked 
| 191|0x000000008bf00000, 0x000000008c000000, 0x000000008c000000|100%| O|  |TAMS 0x000000008bf00000| PB 0x000000008bf00000| Untracked 
| 192|0x000000008c000000, 0x000000008c100000, 0x000000008c100000|100%| O|  |TAMS 0x000000008c000000| PB 0x000000008c000000| Untracked 
| 193|0x000000008c100000, 0x000000008c200000, 0x000000008c200000|100%| O|  |TAMS 0x000000008c100000| PB 0x000000008c100000| Untracked 
| 194|0x000000008c200000, 0x000000008c300000, 0x000000008c300000|100%| O|  |TAMS 0x000000008c200000| PB 0x000000008c200000| Untracked 
| 195|0x000000008c300000, 0x000000008c400000, 0x000000008c400000|100%| O|  |TAMS 0x000000008c300000| PB 0x000000008c300000| Untracked 
| 196|0x000000008c400000, 0x000000008c500000, 0x000000008c500000|100%| O|  |TAMS 0x000000008c400000| PB 0x000000008c400000| Untracked 
| 197|0x000000008c500000, 0x000000008c600000, 0x000000008c600000|100%| O|  |TAMS 0x000000008c500000| PB 0x000000008c500000| Untracked 
| 198|0x000000008c600000, 0x000000008c700000, 0x000000008c700000|100%|HS|  |TAMS 0x000000008c600000| PB 0x000000008c600000| Complete 
| 199|0x000000008c700000, 0x000000008c800000, 0x000000008c800000|100%|HC|  |TAMS 0x000000008c700000| PB 0x000000008c700000| Complete 
| 200|0x000000008c800000, 0x000000008c900000, 0x000000008c900000|100%|HC|  |TAMS 0x000000008c800000| PB 0x000000008c800000| Complete 
| 201|0x000000008c900000, 0x000000008ca00000, 0x000000008ca00000|100%|HS|  |TAMS 0x000000008c900000| PB 0x000000008c900000| Complete 
| 202|0x000000008ca00000, 0x000000008cb00000, 0x000000008cb00000|100%| O|  |TAMS 0x000000008ca00000| PB 0x000000008ca00000| Untracked 
| 203|0x000000008cb00000, 0x000000008cc00000, 0x000000008cc00000|100%| O|  |TAMS 0x000000008cb00000| PB 0x000000008cb00000| Untracked 
| 204|0x000000008cc00000, 0x000000008cd00000, 0x000000008cd00000|100%| O|  |TAMS 0x000000008cc00000| PB 0x000000008cc00000| Untracked 
| 205|0x000000008cd00000, 0x000000008ce00000, 0x000000008ce00000|100%| O|  |TAMS 0x000000008cd00000| PB 0x000000008cd00000| Untracked 
| 206|0x000000008ce00000, 0x000000008cf00000, 0x000000008cf00000|100%| O|  |TAMS 0x000000008ce00000| PB 0x000000008ce00000| Untracked 
| 207|0x000000008cf00000, 0x000000008d000000, 0x000000008d000000|100%| O|  |TAMS 0x000000008cf00000| PB 0x000000008cf00000| Untracked 
| 208|0x000000008d000000, 0x000000008d100000, 0x000000008d100000|100%|HS|  |TAMS 0x000000008d000000| PB 0x000000008d000000| Complete 
| 209|0x000000008d100000, 0x000000008d200000, 0x000000008d200000|100%|HC|  |TAMS 0x000000008d100000| PB 0x000000008d100000| Complete 
| 210|0x000000008d200000, 0x000000008d300000, 0x000000008d300000|100%|HC|  |TAMS 0x000000008d200000| PB 0x000000008d200000| Complete 
| 211|0x000000008d300000, 0x000000008d400000, 0x000000008d400000|100%| O|  |TAMS 0x000000008d300000| PB 0x000000008d300000| Untracked 
| 212|0x000000008d400000, 0x000000008d500000, 0x000000008d500000|100%| O|  |TAMS 0x000000008d400000| PB 0x000000008d400000| Untracked 
| 213|0x000000008d500000, 0x000000008d600000, 0x000000008d600000|100%| O|  |TAMS 0x000000008d500000| PB 0x000000008d500000| Untracked 
| 214|0x000000008d600000, 0x000000008d700000, 0x000000008d700000|100%| O|  |TAMS 0x000000008d600000| PB 0x000000008d600000| Untracked 
| 215|0x000000008d700000, 0x000000008d800000, 0x000000008d800000|100%| O|  |TAMS 0x000000008d700000| PB 0x000000008d700000| Untracked 
| 216|0x000000008d800000, 0x000000008d900000, 0x000000008d900000|100%| O|  |TAMS 0x000000008d800000| PB 0x000000008d800000| Untracked 
| 217|0x000000008d900000, 0x000000008da00000, 0x000000008da00000|100%| O|  |TAMS 0x000000008d900000| PB 0x000000008d900000| Untracked 
| 218|0x000000008da00000, 0x000000008db00000, 0x000000008db00000|100%| O|  |TAMS 0x000000008da00000| PB 0x000000008da00000| Untracked 
| 219|0x000000008db00000, 0x000000008dc00000, 0x000000008dc00000|100%| O|  |TAMS 0x000000008db00000| PB 0x000000008db00000| Untracked 
| 220|0x000000008dc00000, 0x000000008dd00000, 0x000000008dd00000|100%| O|  |TAMS 0x000000008dc00000| PB 0x000000008dc00000| Untracked 
| 221|0x000000008dd00000, 0x000000008de00000, 0x000000008de00000|100%| O|  |TAMS 0x000000008dd00000| PB 0x000000008dd00000| Untracked 
| 222|0x000000008de00000, 0x000000008df00000, 0x000000008df00000|100%| O|  |TAMS 0x000000008de00000| PB 0x000000008de00000| Untracked 
| 223|0x000000008df00000, 0x000000008e000000, 0x000000008e000000|100%| O|  |TAMS 0x000000008df00000| PB 0x000000008df00000| Untracked 
| 224|0x000000008e000000, 0x000000008e100000, 0x000000008e100000|100%| O|  |TAMS 0x000000008e000000| PB 0x000000008e000000| Untracked 
| 225|0x000000008e100000, 0x000000008e200000, 0x000000008e200000|100%| O|  |TAMS 0x000000008e100000| PB 0x000000008e100000| Untracked 
| 226|0x000000008e200000, 0x000000008e300000, 0x000000008e300000|100%| O|  |TAMS 0x000000008e200000| PB 0x000000008e200000| Untracked 
| 227|0x000000008e300000, 0x000000008e400000, 0x000000008e400000|100%| O|  |TAMS 0x000000008e300000| PB 0x000000008e300000| Untracked 
| 228|0x000000008e400000, 0x000000008e500000, 0x000000008e500000|100%| O|  |TAMS 0x000000008e400000| PB 0x000000008e400000| Untracked 
| 229|0x000000008e500000, 0x000000008e600000, 0x000000008e600000|100%| O|  |TAMS 0x000000008e500000| PB 0x000000008e500000| Untracked 
| 230|0x000000008e600000, 0x000000008e700000, 0x000000008e700000|100%| O|  |TAMS 0x000000008e600000| PB 0x000000008e600000| Untracked 
| 231|0x000000008e700000, 0x000000008e800000, 0x000000008e800000|100%| O|  |TAMS 0x000000008e700000| PB 0x000000008e700000| Untracked 
| 232|0x000000008e800000, 0x000000008e900000, 0x000000008e900000|100%| O|  |TAMS 0x000000008e800000| PB 0x000000008e800000| Untracked 
| 233|0x000000008e900000, 0x000000008ea00000, 0x000000008ea00000|100%| O|  |TAMS 0x000000008e900000| PB 0x000000008e900000| Untracked 
| 234|0x000000008ea00000, 0x000000008eb00000, 0x000000008eb00000|100%| O|  |TAMS 0x000000008ea00000| PB 0x000000008ea00000| Untracked 
| 235|0x000000008eb00000, 0x000000008ec00000, 0x000000008ec00000|100%| O|  |TAMS 0x000000008eb00000| PB 0x000000008eb00000| Untracked 
| 236|0x000000008ec00000, 0x000000008ed00000, 0x000000008ed00000|100%| O|  |TAMS 0x000000008ec00000| PB 0x000000008ec00000| Untracked 
| 237|0x000000008ed00000, 0x000000008ee00000, 0x000000008ee00000|100%| O|  |TAMS 0x000000008ed00000| PB 0x000000008ed00000| Untracked 
| 238|0x000000008ee00000, 0x000000008ef00000, 0x000000008ef00000|100%| O|  |TAMS 0x000000008ee00000| PB 0x000000008ee00000| Untracked 
| 239|0x000000008ef00000, 0x000000008f000000, 0x000000008f000000|100%| O|  |TAMS 0x000000008ef00000| PB 0x000000008ef00000| Untracked 
| 240|0x000000008f000000, 0x000000008f100000, 0x000000008f100000|100%| O|  |TAMS 0x000000008f000000| PB 0x000000008f000000| Untracked 
| 241|0x000000008f100000, 0x000000008f200000, 0x000000008f200000|100%| O|  |TAMS 0x000000008f100000| PB 0x000000008f100000| Untracked 
| 242|0x000000008f200000, 0x000000008f300000, 0x000000008f300000|100%| O|  |TAMS 0x000000008f200000| PB 0x000000008f200000| Untracked 
| 243|0x000000008f300000, 0x000000008f400000, 0x000000008f400000|100%|HS|  |TAMS 0x000000008f300000| PB 0x000000008f300000| Complete 
| 244|0x000000008f400000, 0x000000008f500000, 0x000000008f500000|100%| O|  |TAMS 0x000000008f400000| PB 0x000000008f400000| Untracked 
| 245|0x000000008f500000, 0x000000008f600000, 0x000000008f600000|100%|HS|  |TAMS 0x000000008f500000| PB 0x000000008f500000| Complete 
| 246|0x000000008f600000, 0x000000008f700000, 0x000000008f700000|100%|HS|  |TAMS 0x000000008f600000| PB 0x000000008f600000| Complete 
| 247|0x000000008f700000, 0x000000008f800000, 0x000000008f800000|100%|HS|  |TAMS 0x000000008f700000| PB 0x000000008f700000| Complete 
| 248|0x000000008f800000, 0x000000008f900000, 0x000000008f900000|100%|HS|  |TAMS 0x000000008f800000| PB 0x000000008f800000| Complete 
| 249|0x000000008f900000, 0x000000008fa00000, 0x000000008fa00000|100%|HC|  |TAMS 0x000000008f900000| PB 0x000000008f900000| Complete 
| 250|0x000000008fa00000, 0x000000008fb00000, 0x000000008fb00000|100%| O|  |TAMS 0x000000008fa00000| PB 0x000000008fa00000| Untracked 
| 251|0x000000008fb00000, 0x000000008fc00000, 0x000000008fc00000|100%| O|  |TAMS 0x000000008fb00000| PB 0x000000008fb00000| Untracked 
| 252|0x000000008fc00000, 0x000000008fd00000, 0x000000008fd00000|100%| O|  |TAMS 0x000000008fc00000| PB 0x000000008fc00000| Untracked 
| 253|0x000000008fd00000, 0x000000008fe00000, 0x000000008fe00000|100%| O|  |TAMS 0x000000008fd00000| PB 0x000000008fd00000| Untracked 
| 254|0x000000008fe00000, 0x000000008ff00000, 0x000000008ff00000|100%| O|  |TAMS 0x000000008fe00000| PB 0x000000008fe00000| Untracked 
| 255|0x000000008ff00000, 0x0000000090000000, 0x0000000090000000|100%| O|  |TAMS 0x000000008ff00000| PB 0x000000008ff00000| Untracked 
| 256|0x0000000090000000, 0x0000000090100000, 0x0000000090100000|100%| O|  |TAMS 0x0000000090000000| PB 0x0000000090000000| Untracked 
| 257|0x0000000090100000, 0x0000000090200000, 0x0000000090200000|100%| O|  |TAMS 0x0000000090100000| PB 0x0000000090100000| Untracked 
| 258|0x0000000090200000, 0x0000000090300000, 0x0000000090300000|100%| O|  |TAMS 0x0000000090200000| PB 0x0000000090200000| Untracked 
| 259|0x0000000090300000, 0x0000000090400000, 0x0000000090400000|100%| O|  |TAMS 0x0000000090300000| PB 0x0000000090300000| Untracked 
| 260|0x0000000090400000, 0x0000000090500000, 0x0000000090500000|100%| O|  |TAMS 0x0000000090400000| PB 0x0000000090400000| Untracked 
| 261|0x0000000090500000, 0x0000000090600000, 0x0000000090600000|100%| O|  |TAMS 0x0000000090500000| PB 0x0000000090500000| Untracked 
| 262|0x0000000090600000, 0x0000000090700000, 0x0000000090700000|100%| O|  |TAMS 0x0000000090600000| PB 0x0000000090600000| Untracked 
| 263|0x0000000090700000, 0x0000000090800000, 0x0000000090800000|100%| O|  |TAMS 0x0000000090700000| PB 0x0000000090700000| Untracked 
| 264|0x0000000090800000, 0x0000000090900000, 0x0000000090900000|100%| O|  |TAMS 0x0000000090800000| PB 0x0000000090800000| Untracked 
| 265|0x0000000090900000, 0x0000000090a00000, 0x0000000090a00000|100%| O|  |TAMS 0x0000000090900000| PB 0x0000000090900000| Untracked 
| 266|0x0000000090a00000, 0x0000000090b00000, 0x0000000090b00000|100%| O|  |TAMS 0x0000000090a00000| PB 0x0000000090a00000| Untracked 
| 267|0x0000000090b00000, 0x0000000090c00000, 0x0000000090c00000|100%| S|  |TAMS 0x0000000090b00000| PB 0x0000000090b00000| Complete 
| 268|0x0000000090c00000, 0x0000000090d00000, 0x0000000090d00000|100%| S|  |TAMS 0x0000000090c00000| PB 0x0000000090c00000| Complete 
| 269|0x0000000090d00000, 0x0000000090e00000, 0x0000000090e00000|100%| S|  |TAMS 0x0000000090d00000| PB 0x0000000090d00000| Complete 
| 270|0x0000000090e00000, 0x0000000090f00000, 0x0000000090f00000|100%| S|  |TAMS 0x0000000090e00000| PB 0x0000000090e00000| Complete 
| 271|0x0000000090f00000, 0x0000000091000000, 0x0000000091000000|100%| S|  |TAMS 0x0000000090f00000| PB 0x0000000090f00000| Complete 
| 272|0x0000000091000000, 0x0000000091100000, 0x0000000091100000|100%| S|  |TAMS 0x0000000091000000| PB 0x0000000091000000| Complete 
| 273|0x0000000091100000, 0x0000000091200000, 0x0000000091200000|100%| S|  |TAMS 0x0000000091100000| PB 0x0000000091100000| Complete 
| 274|0x0000000091200000, 0x0000000091300000, 0x0000000091300000|100%| S|  |TAMS 0x0000000091200000| PB 0x0000000091200000| Complete 
| 275|0x0000000091300000, 0x0000000091400000, 0x0000000091400000|100%| S|  |TAMS 0x0000000091300000| PB 0x0000000091300000| Complete 
| 276|0x0000000091400000, 0x0000000091500000, 0x0000000091500000|100%| S|  |TAMS 0x0000000091400000| PB 0x0000000091400000| Complete 
| 277|0x0000000091500000, 0x0000000091600000, 0x0000000091600000|100%| S|  |TAMS 0x0000000091500000| PB 0x0000000091500000| Complete 
| 278|0x0000000091600000, 0x0000000091700000, 0x0000000091700000|100%| S|  |TAMS 0x0000000091600000| PB 0x0000000091600000| Complete 
| 279|0x0000000091700000, 0x0000000091800000, 0x0000000091800000|100%| S|  |TAMS 0x0000000091700000| PB 0x0000000091700000| Complete 
| 280|0x0000000091800000, 0x0000000091900000, 0x0000000091900000|100%| S|  |TAMS 0x0000000091800000| PB 0x0000000091800000| Complete 
| 281|0x0000000091900000, 0x0000000091a00000, 0x0000000091a00000|100%| S|  |TAMS 0x0000000091900000| PB 0x0000000091900000| Complete 
| 282|0x0000000091a00000, 0x0000000091b00000, 0x0000000091b00000|100%| S|  |TAMS 0x0000000091a00000| PB 0x0000000091a00000| Complete 
| 283|0x0000000091b00000, 0x0000000091c00000, 0x0000000091c00000|100%| S|  |TAMS 0x0000000091b00000| PB 0x0000000091b00000| Complete 
| 284|0x0000000091c00000, 0x0000000091d00000, 0x0000000091d00000|100%| S|  |TAMS 0x0000000091c00000| PB 0x0000000091c00000| Complete 
| 285|0x0000000091d00000, 0x0000000091e00000, 0x0000000091e00000|100%| S|  |TAMS 0x0000000091d00000| PB 0x0000000091d00000| Complete 
| 286|0x0000000091e00000, 0x0000000091f00000, 0x0000000091f00000|100%| S|  |TAMS 0x0000000091e00000| PB 0x0000000091e00000| Complete 
| 287|0x0000000091f00000, 0x0000000092000000, 0x0000000092000000|100%| S|  |TAMS 0x0000000091f00000| PB 0x0000000091f00000| Complete 
| 288|0x0000000092000000, 0x0000000092100000, 0x0000000092100000|100%| S|  |TAMS 0x0000000092000000| PB 0x0000000092000000| Complete 
| 289|0x0000000092100000, 0x0000000092200000, 0x0000000092200000|100%| S|  |TAMS 0x0000000092100000| PB 0x0000000092100000| Complete 
| 290|0x0000000092200000, 0x0000000092300000, 0x0000000092300000|100%| S|  |TAMS 0x0000000092200000| PB 0x0000000092200000| Complete 
| 291|0x0000000092300000, 0x0000000092400000, 0x0000000092400000|100%| S|  |TAMS 0x0000000092300000| PB 0x0000000092300000| Complete 
| 292|0x0000000092400000, 0x0000000092500000, 0x0000000092500000|100%| S|  |TAMS 0x0000000092400000| PB 0x0000000092400000| Complete 
| 293|0x0000000092500000, 0x0000000092600000, 0x0000000092600000|100%| S|  |TAMS 0x0000000092500000| PB 0x0000000092500000| Complete 
| 294|0x0000000092600000, 0x0000000092700000, 0x0000000092700000|100%| S|  |TAMS 0x0000000092600000| PB 0x0000000092600000| Complete 
| 295|0x0000000092700000, 0x0000000092800000, 0x0000000092800000|100%| S|  |TAMS 0x0000000092700000| PB 0x0000000092700000| Complete 
| 296|0x0000000092800000, 0x0000000092900000, 0x0000000092900000|100%| S|  |TAMS 0x0000000092800000| PB 0x0000000092800000| Complete 
| 297|0x0000000092900000, 0x0000000092a00000, 0x0000000092a00000|100%| S|  |TAMS 0x0000000092900000| PB 0x0000000092900000| Complete 
| 298|0x0000000092a00000, 0x0000000092b00000, 0x0000000092b00000|100%| S|  |TAMS 0x0000000092a00000| PB 0x0000000092a00000| Complete 
| 299|0x0000000092b00000, 0x0000000092c00000, 0x0000000092c00000|100%| S|  |TAMS 0x0000000092b00000| PB 0x0000000092b00000| Complete 
| 300|0x0000000092c00000, 0x0000000092d00000, 0x0000000092d00000|100%| S|  |TAMS 0x0000000092c00000| PB 0x0000000092c00000| Complete 
| 301|0x0000000092d00000, 0x0000000092e00000, 0x0000000092e00000|100%| S|  |TAMS 0x0000000092d00000| PB 0x0000000092d00000| Complete 
| 302|0x0000000092e00000, 0x0000000092f00000, 0x0000000092f00000|100%| E|CS|TAMS 0x0000000092e00000| PB 0x0000000092e00000| Complete 
| 303|0x0000000092f00000, 0x0000000093000000, 0x0000000093000000|100%| E|CS|TAMS 0x0000000092f00000| PB 0x0000000092f00000| Complete 
| 304|0x0000000093000000, 0x0000000093100000, 0x0000000093100000|100%| E|CS|TAMS 0x0000000093000000| PB 0x0000000093000000| Complete 
| 305|0x0000000093100000, 0x0000000093200000, 0x0000000093200000|100%| E|CS|TAMS 0x0000000093100000| PB 0x0000000093100000| Complete 
| 306|0x0000000093200000, 0x0000000093300000, 0x0000000093300000|100%| E|CS|TAMS 0x0000000093200000| PB 0x0000000093200000| Complete 
| 307|0x0000000093300000, 0x0000000093400000, 0x0000000093400000|100%| E|CS|TAMS 0x0000000093300000| PB 0x0000000093300000| Complete 
| 308|0x0000000093400000, 0x0000000093500000, 0x0000000093500000|100%| E|CS|TAMS 0x0000000093400000| PB 0x0000000093400000| Complete 
| 309|0x0000000093500000, 0x0000000093600000, 0x0000000093600000|100%| E|CS|TAMS 0x0000000093500000| PB 0x0000000093500000| Complete 
| 310|0x0000000093600000, 0x0000000093700000, 0x0000000093700000|100%| E|CS|TAMS 0x0000000093600000| PB 0x0000000093600000| Complete 
| 311|0x0000000093700000, 0x0000000093800000, 0x0000000093800000|100%| E|CS|TAMS 0x0000000093700000| PB 0x0000000093700000| Complete 
| 312|0x0000000093800000, 0x0000000093900000, 0x0000000093900000|100%| E|CS|TAMS 0x0000000093800000| PB 0x0000000093800000| Complete 
| 313|0x0000000093900000, 0x0000000093a00000, 0x0000000093a00000|100%| E|CS|TAMS 0x0000000093900000| PB 0x0000000093900000| Complete 
| 314|0x0000000093a00000, 0x0000000093b00000, 0x0000000093b00000|100%| E|CS|TAMS 0x0000000093a00000| PB 0x0000000093a00000| Complete 
| 315|0x0000000093b00000, 0x0000000093c00000, 0x0000000093c00000|100%| E|CS|TAMS 0x0000000093b00000| PB 0x0000000093b00000| Complete 
| 316|0x0000000093c00000, 0x0000000093d00000, 0x0000000093d00000|100%| E|CS|TAMS 0x0000000093c00000| PB 0x0000000093c00000| Complete 
| 317|0x0000000093d00000, 0x0000000093e00000, 0x0000000093e00000|100%| E|CS|TAMS 0x0000000093d00000| PB 0x0000000093d00000| Complete 
| 318|0x0000000093e00000, 0x0000000093f00000, 0x0000000093f00000|100%| E|CS|TAMS 0x0000000093e00000| PB 0x0000000093e00000| Complete 
| 319|0x0000000093f00000, 0x0000000094000000, 0x0000000094000000|100%| E|CS|TAMS 0x0000000093f00000| PB 0x0000000093f00000| Complete 
| 320|0x0000000094000000, 0x0000000094100000, 0x0000000094100000|100%| E|CS|TAMS 0x0000000094000000| PB 0x0000000094000000| Complete 
| 321|0x0000000094100000, 0x0000000094200000, 0x0000000094200000|100%| E|CS|TAMS 0x0000000094100000| PB 0x0000000094100000| Complete 
| 322|0x0000000094200000, 0x0000000094300000, 0x0000000094300000|100%| E|CS|TAMS 0x0000000094200000| PB 0x0000000094200000| Complete 
| 323|0x0000000094300000, 0x0000000094400000, 0x0000000094400000|100%| E|CS|TAMS 0x0000000094300000| PB 0x0000000094300000| Complete 
| 324|0x0000000094400000, 0x0000000094500000, 0x0000000094500000|100%| E|CS|TAMS 0x0000000094400000| PB 0x0000000094400000| Complete 
| 325|0x0000000094500000, 0x0000000094600000, 0x0000000094600000|100%| E|CS|TAMS 0x0000000094500000| PB 0x0000000094500000| Complete 
| 326|0x0000000094600000, 0x0000000094700000, 0x0000000094700000|100%| E|CS|TAMS 0x0000000094600000| PB 0x0000000094600000| Complete 
| 327|0x0000000094700000, 0x0000000094800000, 0x0000000094800000|100%| E|CS|TAMS 0x0000000094700000| PB 0x0000000094700000| Complete 
| 328|0x0000000094800000, 0x0000000094900000, 0x0000000094900000|100%| E|CS|TAMS 0x0000000094800000| PB 0x0000000094800000| Complete 
| 329|0x0000000094900000, 0x0000000094a00000, 0x0000000094a00000|100%| E|CS|TAMS 0x0000000094900000| PB 0x0000000094900000| Complete 
| 330|0x0000000094a00000, 0x0000000094b00000, 0x0000000094b00000|100%| E|CS|TAMS 0x0000000094a00000| PB 0x0000000094a00000| Complete 
| 331|0x0000000094b00000, 0x0000000094c00000, 0x0000000094c00000|100%| E|CS|TAMS 0x0000000094b00000| PB 0x0000000094b00000| Complete 
| 332|0x0000000094c00000, 0x0000000094d00000, 0x0000000094d00000|100%| E|CS|TAMS 0x0000000094c00000| PB 0x0000000094c00000| Complete 
| 333|0x0000000094d00000, 0x0000000094e00000, 0x0000000094e00000|100%| E|CS|TAMS 0x0000000094d00000| PB 0x0000000094d00000| Complete 
| 334|0x0000000094e00000, 0x0000000094f00000, 0x0000000094f00000|100%| E|CS|TAMS 0x0000000094e00000| PB 0x0000000094e00000| Complete 
| 335|0x0000000094f00000, 0x0000000095000000, 0x0000000095000000|100%| E|CS|TAMS 0x0000000094f00000| PB 0x0000000094f00000| Complete 
| 336|0x0000000095000000, 0x0000000095100000, 0x0000000095100000|100%| E|CS|TAMS 0x0000000095000000| PB 0x0000000095000000| Complete 
| 337|0x0000000095100000, 0x0000000095200000, 0x0000000095200000|100%| E|CS|TAMS 0x0000000095100000| PB 0x0000000095100000| Complete 
| 338|0x0000000095200000, 0x0000000095300000, 0x0000000095300000|100%| E|CS|TAMS 0x0000000095200000| PB 0x0000000095200000| Complete 
| 339|0x0000000095300000, 0x0000000095400000, 0x0000000095400000|100%| E|CS|TAMS 0x0000000095300000| PB 0x0000000095300000| Complete 
| 340|0x0000000095400000, 0x0000000095500000, 0x0000000095500000|100%| E|CS|TAMS 0x0000000095400000| PB 0x0000000095400000| Complete 
| 341|0x0000000095500000, 0x0000000095600000, 0x0000000095600000|100%| E|CS|TAMS 0x0000000095500000| PB 0x0000000095500000| Complete 
| 342|0x0000000095600000, 0x0000000095700000, 0x0000000095700000|100%| E|CS|TAMS 0x0000000095600000| PB 0x0000000095600000| Complete 
| 343|0x0000000095700000, 0x0000000095800000, 0x0000000095800000|100%| E|CS|TAMS 0x0000000095700000| PB 0x0000000095700000| Complete 
| 344|0x0000000095800000, 0x0000000095900000, 0x0000000095900000|100%| E|CS|TAMS 0x0000000095800000| PB 0x0000000095800000| Complete 
| 345|0x0000000095900000, 0x0000000095a00000, 0x0000000095a00000|100%| E|CS|TAMS 0x0000000095900000| PB 0x0000000095900000| Complete 
| 346|0x0000000095a00000, 0x0000000095b00000, 0x0000000095b00000|100%| E|CS|TAMS 0x0000000095a00000| PB 0x0000000095a00000| Complete 
| 347|0x0000000095b00000, 0x0000000095c00000, 0x0000000095c00000|100%| E|CS|TAMS 0x0000000095b00000| PB 0x0000000095b00000| Complete 
| 348|0x0000000095c00000, 0x0000000095d00000, 0x0000000095d00000|100%| E|CS|TAMS 0x0000000095c00000| PB 0x0000000095c00000| Complete 
| 349|0x0000000095d00000, 0x0000000095e00000, 0x0000000095e00000|100%| E|CS|TAMS 0x0000000095d00000| PB 0x0000000095d00000| Complete 
| 350|0x0000000095e00000, 0x0000000095f00000, 0x0000000095f00000|100%| E|CS|TAMS 0x0000000095e00000| PB 0x0000000095e00000| Complete 
| 351|0x0000000095f00000, 0x0000000096000000, 0x0000000096000000|100%| E|CS|TAMS 0x0000000095f00000| PB 0x0000000095f00000| Complete 
| 352|0x0000000096000000, 0x0000000096100000, 0x0000000096100000|100%| E|CS|TAMS 0x0000000096000000| PB 0x0000000096000000| Complete 
| 353|0x0000000096100000, 0x0000000096200000, 0x0000000096200000|100%| E|CS|TAMS 0x0000000096100000| PB 0x0000000096100000| Complete 
| 354|0x0000000096200000, 0x0000000096300000, 0x0000000096300000|100%| E|CS|TAMS 0x0000000096200000| PB 0x0000000096200000| Complete 
| 355|0x0000000096300000, 0x0000000096400000, 0x0000000096400000|100%| E|CS|TAMS 0x0000000096300000| PB 0x0000000096300000| Complete 
| 356|0x0000000096400000, 0x0000000096500000, 0x0000000096500000|100%| E|CS|TAMS 0x0000000096400000| PB 0x0000000096400000| Complete 
| 357|0x0000000096500000, 0x0000000096600000, 0x0000000096600000|100%| E|CS|TAMS 0x0000000096500000| PB 0x0000000096500000| Complete 
| 358|0x0000000096600000, 0x0000000096700000, 0x0000000096700000|100%| E|CS|TAMS 0x0000000096600000| PB 0x0000000096600000| Complete 
| 359|0x0000000096700000, 0x0000000096800000, 0x0000000096800000|100%| E|CS|TAMS 0x0000000096700000| PB 0x0000000096700000| Complete 
| 360|0x0000000096800000, 0x0000000096900000, 0x0000000096900000|100%| E|CS|TAMS 0x0000000096800000| PB 0x0000000096800000| Complete 
| 361|0x0000000096900000, 0x0000000096a00000, 0x0000000096a00000|100%| E|CS|TAMS 0x0000000096900000| PB 0x0000000096900000| Complete 
| 362|0x0000000096a00000, 0x0000000096b00000, 0x0000000096b00000|100%| E|CS|TAMS 0x0000000096a00000| PB 0x0000000096a00000| Complete 
| 363|0x0000000096b00000, 0x0000000096c00000, 0x0000000096c00000|100%| E|CS|TAMS 0x0000000096b00000| PB 0x0000000096b00000| Complete 
| 364|0x0000000096c00000, 0x0000000096d00000, 0x0000000096d00000|100%| E|CS|TAMS 0x0000000096c00000| PB 0x0000000096c00000| Complete 
| 365|0x0000000096d00000, 0x0000000096e00000, 0x0000000096e00000|100%| E|CS|TAMS 0x0000000096d00000| PB 0x0000000096d00000| Complete 
| 366|0x0000000096e00000, 0x0000000096f00000, 0x0000000096f00000|100%| E|CS|TAMS 0x0000000096e00000| PB 0x0000000096e00000| Complete 
| 367|0x0000000096f00000, 0x0000000097000000, 0x0000000097000000|100%| E|CS|TAMS 0x0000000096f00000| PB 0x0000000096f00000| Complete 
| 368|0x0000000097000000, 0x0000000097100000, 0x0000000097100000|100%| E|CS|TAMS 0x0000000097000000| PB 0x0000000097000000| Complete 
| 369|0x0000000097100000, 0x0000000097200000, 0x0000000097200000|100%| E|CS|TAMS 0x0000000097100000| PB 0x0000000097100000| Complete 
| 370|0x0000000097200000, 0x0000000097300000, 0x0000000097300000|100%| E|CS|TAMS 0x0000000097200000| PB 0x0000000097200000| Complete 
| 371|0x0000000097300000, 0x0000000097400000, 0x0000000097400000|100%| E|CS|TAMS 0x0000000097300000| PB 0x0000000097300000| Complete 
| 372|0x0000000097400000, 0x0000000097500000, 0x0000000097500000|100%| E|CS|TAMS 0x0000000097400000| PB 0x0000000097400000| Complete 
| 373|0x0000000097500000, 0x0000000097600000, 0x0000000097600000|100%| E|CS|TAMS 0x0000000097500000| PB 0x0000000097500000| Complete 
| 374|0x0000000097600000, 0x0000000097700000, 0x0000000097700000|100%| E|CS|TAMS 0x0000000097600000| PB 0x0000000097600000| Complete 
| 375|0x0000000097700000, 0x0000000097800000, 0x0000000097800000|100%| E|CS|TAMS 0x0000000097700000| PB 0x0000000097700000| Complete 
| 376|0x0000000097800000, 0x0000000097900000, 0x0000000097900000|100%| E|CS|TAMS 0x0000000097800000| PB 0x0000000097800000| Complete 
| 377|0x0000000097900000, 0x0000000097a00000, 0x0000000097a00000|100%| E|CS|TAMS 0x0000000097900000| PB 0x0000000097900000| Complete 
| 378|0x0000000097a00000, 0x0000000097b00000, 0x0000000097b00000|100%| E|CS|TAMS 0x0000000097a00000| PB 0x0000000097a00000| Complete 
| 379|0x0000000097b00000, 0x0000000097c00000, 0x0000000097c00000|100%| E|CS|TAMS 0x0000000097b00000| PB 0x0000000097b00000| Complete 
| 380|0x0000000097c00000, 0x0000000097d00000, 0x0000000097d00000|100%| E|CS|TAMS 0x0000000097c00000| PB 0x0000000097c00000| Complete 
| 381|0x0000000097d00000, 0x0000000097e00000, 0x0000000097e00000|100%| E|CS|TAMS 0x0000000097d00000| PB 0x0000000097d00000| Complete 
| 382|0x0000000097e00000, 0x0000000097f00000, 0x0000000097f00000|100%| E|CS|TAMS 0x0000000097e00000| PB 0x0000000097e00000| Complete 
| 383|0x0000000097f00000, 0x0000000098000000, 0x0000000098000000|100%| E|CS|TAMS 0x0000000097f00000| PB 0x0000000097f00000| Complete 
| 384|0x0000000098000000, 0x0000000098100000, 0x0000000098100000|100%| E|CS|TAMS 0x0000000098000000| PB 0x0000000098000000| Complete 
| 385|0x0000000098100000, 0x0000000098200000, 0x0000000098200000|100%| E|CS|TAMS 0x0000000098100000| PB 0x0000000098100000| Complete 
| 386|0x0000000098200000, 0x0000000098300000, 0x0000000098300000|100%| E|CS|TAMS 0x0000000098200000| PB 0x0000000098200000| Complete 
| 387|0x0000000098300000, 0x0000000098400000, 0x0000000098400000|100%| E|CS|TAMS 0x0000000098300000| PB 0x0000000098300000| Complete 
| 388|0x0000000098400000, 0x0000000098500000, 0x0000000098500000|100%| E|CS|TAMS 0x0000000098400000| PB 0x0000000098400000| Complete 
| 389|0x0000000098500000, 0x0000000098600000, 0x0000000098600000|100%| E|CS|TAMS 0x0000000098500000| PB 0x0000000098500000| Complete 
| 390|0x0000000098600000, 0x0000000098700000, 0x0000000098700000|100%| E|CS|TAMS 0x0000000098600000| PB 0x0000000098600000| Complete 
| 391|0x0000000098700000, 0x0000000098800000, 0x0000000098800000|100%| E|CS|TAMS 0x0000000098700000| PB 0x0000000098700000| Complete 
| 392|0x0000000098800000, 0x0000000098900000, 0x0000000098900000|100%| E|CS|TAMS 0x0000000098800000| PB 0x0000000098800000| Complete 
| 393|0x0000000098900000, 0x0000000098a00000, 0x0000000098a00000|100%| E|CS|TAMS 0x0000000098900000| PB 0x0000000098900000| Complete 
| 394|0x0000000098a00000, 0x0000000098b00000, 0x0000000098b00000|100%| E|CS|TAMS 0x0000000098a00000| PB 0x0000000098a00000| Complete 
| 395|0x0000000098b00000, 0x0000000098c00000, 0x0000000098c00000|100%| E|CS|TAMS 0x0000000098b00000| PB 0x0000000098b00000| Complete 
| 396|0x0000000098c00000, 0x0000000098d00000, 0x0000000098d00000|100%| E|CS|TAMS 0x0000000098c00000| PB 0x0000000098c00000| Complete 
| 397|0x0000000098d00000, 0x0000000098e00000, 0x0000000098e00000|100%| E|CS|TAMS 0x0000000098d00000| PB 0x0000000098d00000| Complete 
| 398|0x0000000098e00000, 0x0000000098f00000, 0x0000000098f00000|100%| E|CS|TAMS 0x0000000098e00000| PB 0x0000000098e00000| Complete 
| 399|0x0000000098f00000, 0x0000000099000000, 0x0000000099000000|100%| E|CS|TAMS 0x0000000098f00000| PB 0x0000000098f00000| Complete 
| 400|0x0000000099000000, 0x0000000099100000, 0x0000000099100000|100%| E|CS|TAMS 0x0000000099000000| PB 0x0000000099000000| Complete 
| 401|0x0000000099100000, 0x0000000099200000, 0x0000000099200000|100%| E|CS|TAMS 0x0000000099100000| PB 0x0000000099100000| Complete 
| 402|0x0000000099200000, 0x0000000099300000, 0x0000000099300000|100%| E|CS|TAMS 0x0000000099200000| PB 0x0000000099200000| Complete 
| 403|0x0000000099300000, 0x0000000099400000, 0x0000000099400000|100%| E|CS|TAMS 0x0000000099300000| PB 0x0000000099300000| Complete 
| 404|0x0000000099400000, 0x0000000099500000, 0x0000000099500000|100%| E|CS|TAMS 0x0000000099400000| PB 0x0000000099400000| Complete 
| 405|0x0000000099500000, 0x0000000099600000, 0x0000000099600000|100%| E|CS|TAMS 0x0000000099500000| PB 0x0000000099500000| Complete 
| 406|0x0000000099600000, 0x0000000099700000, 0x0000000099700000|100%| E|CS|TAMS 0x0000000099600000| PB 0x0000000099600000| Complete 
| 407|0x0000000099700000, 0x0000000099800000, 0x0000000099800000|100%| E|CS|TAMS 0x0000000099700000| PB 0x0000000099700000| Complete 
| 408|0x0000000099800000, 0x0000000099900000, 0x0000000099900000|100%| E|CS|TAMS 0x0000000099800000| PB 0x0000000099800000| Complete 
| 409|0x0000000099900000, 0x0000000099a00000, 0x0000000099a00000|100%| E|CS|TAMS 0x0000000099900000| PB 0x0000000099900000| Complete 
| 410|0x0000000099a00000, 0x0000000099b00000, 0x0000000099b00000|100%| E|CS|TAMS 0x0000000099a00000| PB 0x0000000099a00000| Complete 
| 411|0x0000000099b00000, 0x0000000099c00000, 0x0000000099c00000|100%| E|CS|TAMS 0x0000000099b00000| PB 0x0000000099b00000| Complete 
| 412|0x0000000099c00000, 0x0000000099d00000, 0x0000000099d00000|100%| E|CS|TAMS 0x0000000099c00000| PB 0x0000000099c00000| Complete 
| 413|0x0000000099d00000, 0x0000000099e00000, 0x0000000099e00000|100%| E|CS|TAMS 0x0000000099d00000| PB 0x0000000099d00000| Complete 
| 414|0x0000000099e00000, 0x0000000099f00000, 0x0000000099f00000|100%| E|CS|TAMS 0x0000000099e00000| PB 0x0000000099e00000| Complete 
| 415|0x0000000099f00000, 0x000000009a000000, 0x000000009a000000|100%| E|CS|TAMS 0x0000000099f00000| PB 0x0000000099f00000| Complete 
| 416|0x000000009a000000, 0x000000009a100000, 0x000000009a100000|100%| E|CS|TAMS 0x000000009a000000| PB 0x000000009a000000| Complete 
| 417|0x000000009a100000, 0x000000009a200000, 0x000000009a200000|100%| E|CS|TAMS 0x000000009a100000| PB 0x000000009a100000| Complete 
| 418|0x000000009a200000, 0x000000009a300000, 0x000000009a300000|100%| E|CS|TAMS 0x000000009a200000| PB 0x000000009a200000| Complete 
| 419|0x000000009a300000, 0x000000009a400000, 0x000000009a400000|100%| E|CS|TAMS 0x000000009a300000| PB 0x000000009a300000| Complete 
| 420|0x000000009a400000, 0x000000009a500000, 0x000000009a500000|100%| E|CS|TAMS 0x000000009a400000| PB 0x000000009a400000| Complete 
| 421|0x000000009a500000, 0x000000009a600000, 0x000000009a600000|100%| E|CS|TAMS 0x000000009a500000| PB 0x000000009a500000| Complete 
| 422|0x000000009a600000, 0x000000009a700000, 0x000000009a700000|100%| E|CS|TAMS 0x000000009a600000| PB 0x000000009a600000| Complete 
| 423|0x000000009a700000, 0x000000009a800000, 0x000000009a800000|100%| E|CS|TAMS 0x000000009a700000| PB 0x000000009a700000| Complete 
| 424|0x000000009a800000, 0x000000009a900000, 0x000000009a900000|100%| E|CS|TAMS 0x000000009a800000| PB 0x000000009a800000| Complete 
| 425|0x000000009a900000, 0x000000009aa00000, 0x000000009aa00000|100%| E|CS|TAMS 0x000000009a900000| PB 0x000000009a900000| Complete 
| 426|0x000000009aa00000, 0x000000009ab00000, 0x000000009ab00000|100%| E|CS|TAMS 0x000000009aa00000| PB 0x000000009aa00000| Complete 
| 427|0x000000009ab00000, 0x000000009ac00000, 0x000000009ac00000|100%| E|CS|TAMS 0x000000009ab00000| PB 0x000000009ab00000| Complete 
| 428|0x000000009ac00000, 0x000000009ad00000, 0x000000009ad00000|100%| E|CS|TAMS 0x000000009ac00000| PB 0x000000009ac00000| Complete 
| 429|0x000000009ad00000, 0x000000009ae00000, 0x000000009ae00000|100%| E|CS|TAMS 0x000000009ad00000| PB 0x000000009ad00000| Complete 
| 430|0x000000009ae00000, 0x000000009af00000, 0x000000009af00000|100%| E|CS|TAMS 0x000000009ae00000| PB 0x000000009ae00000| Complete 
| 431|0x000000009af00000, 0x000000009b000000, 0x000000009b000000|100%| E|CS|TAMS 0x000000009af00000| PB 0x000000009af00000| Complete 
| 432|0x000000009b000000, 0x000000009b100000, 0x000000009b100000|100%| E|CS|TAMS 0x000000009b000000| PB 0x000000009b000000| Complete 
| 433|0x000000009b100000, 0x000000009b200000, 0x000000009b200000|100%| E|CS|TAMS 0x000000009b100000| PB 0x000000009b100000| Complete 
| 434|0x000000009b200000, 0x000000009b300000, 0x000000009b300000|100%| E|CS|TAMS 0x000000009b200000| PB 0x000000009b200000| Complete 
| 435|0x000000009b300000, 0x000000009b400000, 0x000000009b400000|100%| E|CS|TAMS 0x000000009b300000| PB 0x000000009b300000| Complete 
| 436|0x000000009b400000, 0x000000009b500000, 0x000000009b500000|100%| E|CS|TAMS 0x000000009b400000| PB 0x000000009b400000| Complete 
| 437|0x000000009b500000, 0x000000009b600000, 0x000000009b600000|100%| E|CS|TAMS 0x000000009b500000| PB 0x000000009b500000| Complete 
| 438|0x000000009b600000, 0x000000009b700000, 0x000000009b700000|100%| E|CS|TAMS 0x000000009b600000| PB 0x000000009b600000| Complete 
| 439|0x000000009b700000, 0x000000009b800000, 0x000000009b800000|100%| E|CS|TAMS 0x000000009b700000| PB 0x000000009b700000| Complete 
| 440|0x000000009b800000, 0x000000009b900000, 0x000000009b900000|100%| E|CS|TAMS 0x000000009b800000| PB 0x000000009b800000| Complete 
| 441|0x000000009b900000, 0x000000009ba00000, 0x000000009ba00000|100%| E|CS|TAMS 0x000000009b900000| PB 0x000000009b900000| Complete 
| 442|0x000000009ba00000, 0x000000009bb00000, 0x000000009bb00000|100%| E|CS|TAMS 0x000000009ba00000| PB 0x000000009ba00000| Complete 
| 443|0x000000009bb00000, 0x000000009bc00000, 0x000000009bc00000|100%| E|CS|TAMS 0x000000009bb00000| PB 0x000000009bb00000| Complete 
| 444|0x000000009bc00000, 0x000000009bd00000, 0x000000009bd00000|100%| E|CS|TAMS 0x000000009bc00000| PB 0x000000009bc00000| Complete 
| 445|0x000000009bd00000, 0x000000009be00000, 0x000000009be00000|100%| E|CS|TAMS 0x000000009bd00000| PB 0x000000009bd00000| Complete 
| 446|0x000000009be00000, 0x000000009bf00000, 0x000000009bf00000|100%| E|CS|TAMS 0x000000009be00000| PB 0x000000009be00000| Complete 
| 447|0x000000009bf00000, 0x000000009c000000, 0x000000009c000000|100%| E|CS|TAMS 0x000000009bf00000| PB 0x000000009bf00000| Complete 
| 448|0x000000009c000000, 0x000000009c100000, 0x000000009c100000|100%| E|CS|TAMS 0x000000009c000000| PB 0x000000009c000000| Complete 
| 449|0x000000009c100000, 0x000000009c200000, 0x000000009c200000|100%| E|CS|TAMS 0x000000009c100000| PB 0x000000009c100000| Complete 
| 450|0x000000009c200000, 0x000000009c300000, 0x000000009c300000|100%| E|CS|TAMS 0x000000009c200000| PB 0x000000009c200000| Complete 
| 451|0x000000009c300000, 0x000000009c400000, 0x000000009c400000|100%| E|CS|TAMS 0x000000009c300000| PB 0x000000009c300000| Complete 
| 452|0x000000009c400000, 0x000000009c500000, 0x000000009c500000|100%| E|CS|TAMS 0x000000009c400000| PB 0x000000009c400000| Complete 
| 453|0x000000009c500000, 0x000000009c600000, 0x000000009c600000|100%| E|CS|TAMS 0x000000009c500000| PB 0x000000009c500000| Complete 
| 454|0x000000009c600000, 0x000000009c700000, 0x000000009c700000|100%| E|CS|TAMS 0x000000009c600000| PB 0x000000009c600000| Complete 
| 455|0x000000009c700000, 0x000000009c800000, 0x000000009c800000|100%| E|CS|TAMS 0x000000009c700000| PB 0x000000009c700000| Complete 
| 456|0x000000009c800000, 0x000000009c900000, 0x000000009c900000|100%| E|CS|TAMS 0x000000009c800000| PB 0x000000009c800000| Complete 
| 457|0x000000009c900000, 0x000000009ca00000, 0x000000009ca00000|100%| E|CS|TAMS 0x000000009c900000| PB 0x000000009c900000| Complete 
| 458|0x000000009ca00000, 0x000000009cb00000, 0x000000009cb00000|100%| E|CS|TAMS 0x000000009ca00000| PB 0x000000009ca00000| Complete 
| 459|0x000000009cb00000, 0x000000009cc00000, 0x000000009cc00000|100%| E|CS|TAMS 0x000000009cb00000| PB 0x000000009cb00000| Complete 
| 460|0x000000009cc00000, 0x000000009cd00000, 0x000000009cd00000|100%| E|CS|TAMS 0x000000009cc00000| PB 0x000000009cc00000| Complete 
| 461|0x000000009cd00000, 0x000000009ce00000, 0x000000009ce00000|100%| E|CS|TAMS 0x000000009cd00000| PB 0x000000009cd00000| Complete 
| 462|0x000000009ce00000, 0x000000009cf00000, 0x000000009cf00000|100%| E|CS|TAMS 0x000000009ce00000| PB 0x000000009ce00000| Complete 
| 463|0x000000009cf00000, 0x000000009d000000, 0x000000009d000000|100%| E|CS|TAMS 0x000000009cf00000| PB 0x000000009cf00000| Complete 
| 464|0x000000009d000000, 0x000000009d100000, 0x000000009d100000|100%| E|CS|TAMS 0x000000009d000000| PB 0x000000009d000000| Complete 
| 465|0x000000009d100000, 0x000000009d200000, 0x000000009d200000|100%| E|CS|TAMS 0x000000009d100000| PB 0x000000009d100000| Complete 
| 466|0x000000009d200000, 0x000000009d300000, 0x000000009d300000|100%| E|CS|TAMS 0x000000009d200000| PB 0x000000009d200000| Complete 
| 467|0x000000009d300000, 0x000000009d400000, 0x000000009d400000|100%| E|CS|TAMS 0x000000009d300000| PB 0x000000009d300000| Complete 
| 468|0x000000009d400000, 0x000000009d500000, 0x000000009d500000|100%| E|CS|TAMS 0x000000009d400000| PB 0x000000009d400000| Complete 
| 469|0x000000009d500000, 0x000000009d600000, 0x000000009d600000|100%| E|CS|TAMS 0x000000009d500000| PB 0x000000009d500000| Complete 
| 470|0x000000009d600000, 0x000000009d700000, 0x000000009d700000|100%| E|CS|TAMS 0x000000009d600000| PB 0x000000009d600000| Complete 
| 471|0x000000009d700000, 0x000000009d800000, 0x000000009d800000|100%| E|CS|TAMS 0x000000009d700000| PB 0x000000009d700000| Complete 
| 472|0x000000009d800000, 0x000000009d900000, 0x000000009d900000|100%| E|CS|TAMS 0x000000009d800000| PB 0x000000009d800000| Complete 
| 473|0x000000009d900000, 0x000000009da00000, 0x000000009da00000|100%| E|CS|TAMS 0x000000009d900000| PB 0x000000009d900000| Complete 
| 474|0x000000009da00000, 0x000000009db00000, 0x000000009db00000|100%| E|CS|TAMS 0x000000009da00000| PB 0x000000009da00000| Complete 
| 475|0x000000009db00000, 0x000000009dc00000, 0x000000009dc00000|100%| E|CS|TAMS 0x000000009db00000| PB 0x000000009db00000| Complete 
| 476|0x000000009dc00000, 0x000000009dd00000, 0x000000009dd00000|100%| E|CS|TAMS 0x000000009dc00000| PB 0x000000009dc00000| Complete 
| 477|0x000000009dd00000, 0x000000009de00000, 0x000000009de00000|100%| E|CS|TAMS 0x000000009dd00000| PB 0x000000009dd00000| Complete 
| 478|0x000000009de00000, 0x000000009df00000, 0x000000009df00000|100%| E|CS|TAMS 0x000000009de00000| PB 0x000000009de00000| Complete 
| 479|0x000000009df00000, 0x000000009e000000, 0x000000009e000000|100%| E|CS|TAMS 0x000000009df00000| PB 0x000000009df00000| Complete 
| 480|0x000000009e000000, 0x000000009e100000, 0x000000009e100000|100%| E|CS|TAMS 0x000000009e000000| PB 0x000000009e000000| Complete 
| 481|0x000000009e100000, 0x000000009e200000, 0x000000009e200000|100%| E|CS|TAMS 0x000000009e100000| PB 0x000000009e100000| Complete 
| 482|0x000000009e200000, 0x000000009e300000, 0x000000009e300000|100%| E|CS|TAMS 0x000000009e200000| PB 0x000000009e200000| Complete 
| 483|0x000000009e300000, 0x000000009e400000, 0x000000009e400000|100%| E|CS|TAMS 0x000000009e300000| PB 0x000000009e300000| Complete 
| 484|0x000000009e400000, 0x000000009e500000, 0x000000009e500000|100%| E|CS|TAMS 0x000000009e400000| PB 0x000000009e400000| Complete 
| 485|0x000000009e500000, 0x000000009e600000, 0x000000009e600000|100%| E|CS|TAMS 0x000000009e500000| PB 0x000000009e500000| Complete 
| 486|0x000000009e600000, 0x000000009e700000, 0x000000009e700000|100%| E|CS|TAMS 0x000000009e600000| PB 0x000000009e600000| Complete 
| 487|0x000000009e700000, 0x000000009e800000, 0x000000009e800000|100%| E|CS|TAMS 0x000000009e700000| PB 0x000000009e700000| Complete 
| 488|0x000000009e800000, 0x000000009e900000, 0x000000009e900000|100%| E|CS|TAMS 0x000000009e800000| PB 0x000000009e800000| Complete 
| 489|0x000000009e900000, 0x000000009ea00000, 0x000000009ea00000|100%| E|CS|TAMS 0x000000009e900000| PB 0x000000009e900000| Complete 
| 490|0x000000009ea00000, 0x000000009eb00000, 0x000000009eb00000|100%| E|CS|TAMS 0x000000009ea00000| PB 0x000000009ea00000| Complete 
| 491|0x000000009eb00000, 0x000000009ec00000, 0x000000009ec00000|100%| E|CS|TAMS 0x000000009eb00000| PB 0x000000009eb00000| Complete 
| 492|0x000000009ec00000, 0x000000009ed00000, 0x000000009ed00000|100%| E|CS|TAMS 0x000000009ec00000| PB 0x000000009ec00000| Complete 
| 493|0x000000009ed00000, 0x000000009ee00000, 0x000000009ee00000|100%| E|CS|TAMS 0x000000009ed00000| PB 0x000000009ed00000| Complete 
| 494|0x000000009ee00000, 0x000000009ef00000, 0x000000009ef00000|100%| E|CS|TAMS 0x000000009ee00000| PB 0x000000009ee00000| Complete 
| 495|0x000000009ef00000, 0x000000009f000000, 0x000000009f000000|100%| E|CS|TAMS 0x000000009ef00000| PB 0x000000009ef00000| Complete 
| 496|0x000000009f000000, 0x000000009f100000, 0x000000009f100000|100%| E|CS|TAMS 0x000000009f000000| PB 0x000000009f000000| Complete 
| 497|0x000000009f100000, 0x000000009f200000, 0x000000009f200000|100%| E|CS|TAMS 0x000000009f100000| PB 0x000000009f100000| Complete 
| 498|0x000000009f200000, 0x000000009f300000, 0x000000009f300000|100%| E|CS|TAMS 0x000000009f200000| PB 0x000000009f200000| Complete 
| 499|0x000000009f300000, 0x000000009f400000, 0x000000009f400000|100%| E|CS|TAMS 0x000000009f300000| PB 0x000000009f300000| Complete 
| 500|0x000000009f400000, 0x000000009f500000, 0x000000009f500000|100%| E|CS|TAMS 0x000000009f400000| PB 0x000000009f400000| Complete 
| 501|0x000000009f500000, 0x000000009f600000, 0x000000009f600000|100%| E|CS|TAMS 0x000000009f500000| PB 0x000000009f500000| Complete 
| 502|0x000000009f600000, 0x000000009f700000, 0x000000009f700000|100%| E|CS|TAMS 0x000000009f600000| PB 0x000000009f600000| Complete 
| 503|0x000000009f700000, 0x000000009f800000, 0x000000009f800000|100%| E|CS|TAMS 0x000000009f700000| PB 0x000000009f700000| Complete 
| 504|0x000000009f800000, 0x000000009f900000, 0x000000009f900000|100%| E|CS|TAMS 0x000000009f800000| PB 0x000000009f800000| Complete 
| 505|0x000000009f900000, 0x000000009fa00000, 0x000000009fa00000|100%| E|CS|TAMS 0x000000009f900000| PB 0x000000009f900000| Complete 
| 506|0x000000009fa00000, 0x000000009fb00000, 0x000000009fb00000|100%| E|CS|TAMS 0x000000009fa00000| PB 0x000000009fa00000| Complete 
| 507|0x000000009fb00000, 0x000000009fc00000, 0x000000009fc00000|100%| E|CS|TAMS 0x000000009fb00000| PB 0x000000009fb00000| Complete 
| 508|0x000000009fc00000, 0x000000009fd00000, 0x000000009fd00000|100%| E|CS|TAMS 0x000000009fc00000| PB 0x000000009fc00000| Complete 
| 509|0x000000009fd00000, 0x000000009fe00000, 0x000000009fe00000|100%| E|CS|TAMS 0x000000009fd00000| PB 0x000000009fd00000| Complete 
| 510|0x000000009fe00000, 0x000000009ff00000, 0x000000009ff00000|100%| E|CS|TAMS 0x000000009fe00000| PB 0x000000009fe00000| Complete 
| 511|0x000000009ff00000, 0x00000000a0000000, 0x00000000a0000000|100%| E|CS|TAMS 0x000000009ff00000| PB 0x000000009ff00000| Complete 
| 512|0x00000000a0000000, 0x00000000a0100000, 0x00000000a0100000|100%| E|CS|TAMS 0x00000000a0000000| PB 0x00000000a0000000| Complete 
| 513|0x00000000a0100000, 0x00000000a0200000, 0x00000000a0200000|100%| E|CS|TAMS 0x00000000a0100000| PB 0x00000000a0100000| Complete 
| 514|0x00000000a0200000, 0x00000000a0300000, 0x00000000a0300000|100%| E|CS|TAMS 0x00000000a0200000| PB 0x00000000a0200000| Complete 
| 515|0x00000000a0300000, 0x00000000a0400000, 0x00000000a0400000|100%| E|CS|TAMS 0x00000000a0300000| PB 0x00000000a0300000| Complete 
| 516|0x00000000a0400000, 0x00000000a0500000, 0x00000000a0500000|100%| E|CS|TAMS 0x00000000a0400000| PB 0x00000000a0400000| Complete 
| 517|0x00000000a0500000, 0x00000000a0600000, 0x00000000a0600000|100%| E|CS|TAMS 0x00000000a0500000| PB 0x00000000a0500000| Complete 
| 518|0x00000000a0600000, 0x00000000a0700000, 0x00000000a0700000|100%| E|CS|TAMS 0x00000000a0600000| PB 0x00000000a0600000| Complete 
| 519|0x00000000a0700000, 0x00000000a0800000, 0x00000000a0800000|100%| E|CS|TAMS 0x00000000a0700000| PB 0x00000000a0700000| Complete 
| 520|0x00000000a0800000, 0x00000000a0900000, 0x00000000a0900000|100%| E|CS|TAMS 0x00000000a0800000| PB 0x00000000a0800000| Complete 
| 521|0x00000000a0900000, 0x00000000a0a00000, 0x00000000a0a00000|100%| E|CS|TAMS 0x00000000a0900000| PB 0x00000000a0900000| Complete 
| 522|0x00000000a0a00000, 0x00000000a0b00000, 0x00000000a0b00000|100%| E|CS|TAMS 0x00000000a0a00000| PB 0x00000000a0a00000| Complete 
| 523|0x00000000a0b00000, 0x00000000a0c00000, 0x00000000a0c00000|100%| E|CS|TAMS 0x00000000a0b00000| PB 0x00000000a0b00000| Complete 
| 524|0x00000000a0c00000, 0x00000000a0d00000, 0x00000000a0d00000|100%| E|CS|TAMS 0x00000000a0c00000| PB 0x00000000a0c00000| Complete 
| 525|0x00000000a0d00000, 0x00000000a0e00000, 0x00000000a0e00000|100%| E|CS|TAMS 0x00000000a0d00000| PB 0x00000000a0d00000| Complete 
| 526|0x00000000a0e00000, 0x00000000a0f00000, 0x00000000a0f00000|100%| E|CS|TAMS 0x00000000a0e00000| PB 0x00000000a0e00000| Complete 
| 527|0x00000000a0f00000, 0x00000000a1000000, 0x00000000a1000000|100%| E|CS|TAMS 0x00000000a0f00000| PB 0x00000000a0f00000| Complete 
| 528|0x00000000a1000000, 0x00000000a1100000, 0x00000000a1100000|100%| E|CS|TAMS 0x00000000a1000000| PB 0x00000000a1000000| Complete 
| 529|0x00000000a1100000, 0x00000000a1200000, 0x00000000a1200000|100%| E|CS|TAMS 0x00000000a1100000| PB 0x00000000a1100000| Complete 
| 530|0x00000000a1200000, 0x00000000a1300000, 0x00000000a1300000|100%| E|CS|TAMS 0x00000000a1200000| PB 0x00000000a1200000| Complete 
| 531|0x00000000a1300000, 0x00000000a1400000, 0x00000000a1400000|100%| E|CS|TAMS 0x00000000a1300000| PB 0x00000000a1300000| Complete 
| 532|0x00000000a1400000, 0x00000000a1500000, 0x00000000a1500000|100%| E|CS|TAMS 0x00000000a1400000| PB 0x00000000a1400000| Complete 
| 533|0x00000000a1500000, 0x00000000a1600000, 0x00000000a1600000|100%| E|CS|TAMS 0x00000000a1500000| PB 0x00000000a1500000| Complete 
| 534|0x00000000a1600000, 0x00000000a1700000, 0x00000000a1700000|100%| E|CS|TAMS 0x00000000a1600000| PB 0x00000000a1600000| Complete 
| 535|0x00000000a1700000, 0x00000000a1800000, 0x00000000a1800000|100%| E|CS|TAMS 0x00000000a1700000| PB 0x00000000a1700000| Complete 
| 536|0x00000000a1800000, 0x00000000a1900000, 0x00000000a1900000|100%| E|CS|TAMS 0x00000000a1800000| PB 0x00000000a1800000| Complete 
| 537|0x00000000a1900000, 0x00000000a1a00000, 0x00000000a1a00000|100%| E|CS|TAMS 0x00000000a1900000| PB 0x00000000a1900000| Complete 
| 538|0x00000000a1a00000, 0x00000000a1b00000, 0x00000000a1b00000|100%| E|CS|TAMS 0x00000000a1a00000| PB 0x00000000a1a00000| Complete 
| 539|0x00000000a1b00000, 0x00000000a1c00000, 0x00000000a1c00000|100%| E|CS|TAMS 0x00000000a1b00000| PB 0x00000000a1b00000| Complete 
| 540|0x00000000a1c00000, 0x00000000a1d00000, 0x00000000a1d00000|100%| E|CS|TAMS 0x00000000a1c00000| PB 0x00000000a1c00000| Complete 
| 541|0x00000000a1d00000, 0x00000000a1e00000, 0x00000000a1e00000|100%| E|CS|TAMS 0x00000000a1d00000| PB 0x00000000a1d00000| Complete 
| 542|0x00000000a1e00000, 0x00000000a1f00000, 0x00000000a1f00000|100%| E|CS|TAMS 0x00000000a1e00000| PB 0x00000000a1e00000| Complete 
| 543|0x00000000a1f00000, 0x00000000a2000000, 0x00000000a2000000|100%| E|CS|TAMS 0x00000000a1f00000| PB 0x00000000a1f00000| Complete 
| 544|0x00000000a2000000, 0x00000000a2100000, 0x00000000a2100000|100%| E|CS|TAMS 0x00000000a2000000| PB 0x00000000a2000000| Complete 
| 545|0x00000000a2100000, 0x00000000a2200000, 0x00000000a2200000|100%| E|CS|TAMS 0x00000000a2100000| PB 0x00000000a2100000| Complete 
| 546|0x00000000a2200000, 0x00000000a2300000, 0x00000000a2300000|100%| E|CS|TAMS 0x00000000a2200000| PB 0x00000000a2200000| Complete 
| 547|0x00000000a2300000, 0x00000000a2400000, 0x00000000a2400000|100%| E|CS|TAMS 0x00000000a2300000| PB 0x00000000a2300000| Complete 
| 548|0x00000000a2400000, 0x00000000a2500000, 0x00000000a2500000|100%| E|CS|TAMS 0x00000000a2400000| PB 0x00000000a2400000| Complete 
|1915|0x00000000f7b00000, 0x00000000f7c00000, 0x00000000f7c00000|100%| O|  |TAMS 0x00000000f7b00000| PB 0x00000000f7b00000| Untracked 
|1916|0x00000000f7c00000, 0x00000000f7d00000, 0x00000000f7d00000|100%| O|  |TAMS 0x00000000f7c00000| PB 0x00000000f7c00000| Untracked 
|1917|0x00000000f7d00000, 0x00000000f7e00000, 0x00000000f7e00000|100%| O|  |TAMS 0x00000000f7d00000| PB 0x00000000f7d00000| Untracked 
|1918|0x00000000f7e00000, 0x00000000f7f00000, 0x00000000f7f00000|100%| O|  |TAMS 0x00000000f7e00000| PB 0x00000000f7e00000| Untracked 
|1919|0x00000000f7f00000, 0x00000000f8000000, 0x00000000f8000000|100%| O|  |TAMS 0x00000000f7f00000| PB 0x00000000f7f00000| Untracked 
|1920|0x00000000f8000000, 0x00000000f8100000, 0x00000000f8100000|100%| O|  |TAMS 0x00000000f8000000| PB 0x00000000f8000000| Untracked 
|1921|0x00000000f8100000, 0x00000000f8200000, 0x00000000f8200000|100%| O|  |TAMS 0x00000000f8100000| PB 0x00000000f8100000| Untracked 
|1922|0x00000000f8200000, 0x00000000f8300000, 0x00000000f8300000|100%| O|  |TAMS 0x00000000f8200000| PB 0x00000000f8200000| Untracked 
|1923|0x00000000f8300000, 0x00000000f8400000, 0x00000000f8400000|100%| O|  |TAMS 0x00000000f8300000| PB 0x00000000f8300000| Untracked 
|1924|0x00000000f8400000, 0x00000000f8500000, 0x00000000f8500000|100%| O|  |TAMS 0x00000000f8400000| PB 0x00000000f8400000| Untracked 
|1925|0x00000000f8500000, 0x00000000f8600000, 0x00000000f8600000|100%| O|  |TAMS 0x00000000f8500000| PB 0x00000000f8500000| Untracked 
|1926|0x00000000f8600000, 0x00000000f8700000, 0x00000000f8700000|100%| O|  |TAMS 0x00000000f8600000| PB 0x00000000f8600000| Untracked 
|1927|0x00000000f8700000, 0x00000000f8800000, 0x00000000f8800000|100%| O|  |TAMS 0x00000000f8700000| PB 0x00000000f8700000| Untracked 
|1928|0x00000000f8800000, 0x00000000f8900000, 0x00000000f8900000|100%| O|  |TAMS 0x00000000f8800000| PB 0x00000000f8800000| Untracked 
|1929|0x00000000f8900000, 0x00000000f8a00000, 0x00000000f8a00000|100%| O|  |TAMS 0x00000000f8900000| PB 0x00000000f8900000| Untracked 
|1930|0x00000000f8a00000, 0x00000000f8b00000, 0x00000000f8b00000|100%| O|  |TAMS 0x00000000f8a00000| PB 0x00000000f8a00000| Untracked 
|1931|0x00000000f8b00000, 0x00000000f8c00000, 0x00000000f8c00000|100%| O|  |TAMS 0x00000000f8b00000| PB 0x00000000f8b00000| Untracked 
|1932|0x00000000f8c00000, 0x00000000f8d00000, 0x00000000f8d00000|100%| O|  |TAMS 0x00000000f8c00000| PB 0x00000000f8c00000| Untracked 
|1933|0x00000000f8d00000, 0x00000000f8e00000, 0x00000000f8e00000|100%| O|  |TAMS 0x00000000f8d00000| PB 0x00000000f8d00000| Untracked 
|1934|0x00000000f8e00000, 0x00000000f8f00000, 0x00000000f8f00000|100%| O|  |TAMS 0x00000000f8e00000| PB 0x00000000f8e00000| Untracked 
|1935|0x00000000f8f00000, 0x00000000f9000000, 0x00000000f9000000|100%| O|  |TAMS 0x00000000f8f00000| PB 0x00000000f8f00000| Untracked 
|1936|0x00000000f9000000, 0x00000000f9100000, 0x00000000f9100000|100%| O|  |TAMS 0x00000000f9000000| PB 0x00000000f9000000| Untracked 
|1937|0x00000000f9100000, 0x00000000f9200000, 0x00000000f9200000|100%| O|  |TAMS 0x00000000f9100000| PB 0x00000000f9100000| Untracked 
|1938|0x00000000f9200000, 0x00000000f9300000, 0x00000000f9300000|100%| O|  |TAMS 0x00000000f9200000| PB 0x00000000f9200000| Untracked 
|1939|0x00000000f9300000, 0x00000000f9400000, 0x00000000f9400000|100%| O|  |TAMS 0x00000000f9300000| PB 0x00000000f9300000| Untracked 
|1940|0x00000000f9400000, 0x00000000f9500000, 0x00000000f9500000|100%| O|  |TAMS 0x00000000f9400000| PB 0x00000000f9400000| Untracked 
|1941|0x00000000f9500000, 0x00000000f9600000, 0x00000000f9600000|100%| O|  |TAMS 0x00000000f9500000| PB 0x00000000f9500000| Untracked 
|1942|0x00000000f9600000, 0x00000000f9700000, 0x00000000f9700000|100%| O|  |TAMS 0x00000000f9600000| PB 0x00000000f9600000| Untracked 
|1943|0x00000000f9700000, 0x00000000f9800000, 0x00000000f9800000|100%| O|  |TAMS 0x00000000f9700000| PB 0x00000000f9700000| Untracked 
|1944|0x00000000f9800000, 0x00000000f9900000, 0x00000000f9900000|100%| O|  |TAMS 0x00000000f9800000| PB 0x00000000f9800000| Untracked 
|1945|0x00000000f9900000, 0x00000000f9a00000, 0x00000000f9a00000|100%| O|  |TAMS 0x00000000f9900000| PB 0x00000000f9900000| Untracked 
|1946|0x00000000f9a00000, 0x00000000f9b00000, 0x00000000f9b00000|100%| O|  |TAMS 0x00000000f9a00000| PB 0x00000000f9a00000| Untracked 
|1947|0x00000000f9b00000, 0x00000000f9c00000, 0x00000000f9c00000|100%| O|  |TAMS 0x00000000f9b00000| PB 0x00000000f9b00000| Untracked 
|1948|0x00000000f9c00000, 0x00000000f9d00000, 0x00000000f9d00000|100%| O|  |TAMS 0x00000000f9c00000| PB 0x00000000f9c00000| Untracked 
|1949|0x00000000f9d00000, 0x00000000f9e00000, 0x00000000f9e00000|100%| O|  |TAMS 0x00000000f9d00000| PB 0x00000000f9d00000| Untracked 
|1950|0x00000000f9e00000, 0x00000000f9f00000, 0x00000000f9f00000|100%| O|  |TAMS 0x00000000f9e00000| PB 0x00000000f9e00000| Untracked 
|1951|0x00000000f9f00000, 0x00000000fa000000, 0x00000000fa000000|100%| O|  |TAMS 0x00000000f9f00000| PB 0x00000000f9f00000| Untracked 
|1952|0x00000000fa000000, 0x00000000fa100000, 0x00000000fa100000|100%| O|  |TAMS 0x00000000fa000000| PB 0x00000000fa000000| Untracked 
|1953|0x00000000fa100000, 0x00000000fa200000, 0x00000000fa200000|100%| E|CS|TAMS 0x00000000fa100000| PB 0x00000000fa100000| Complete 
|1954|0x00000000fa200000, 0x00000000fa300000, 0x00000000fa300000|100%| E|CS|TAMS 0x00000000fa200000| PB 0x00000000fa200000| Complete 
|1955|0x00000000fa300000, 0x00000000fa400000, 0x00000000fa400000|100%| E|CS|TAMS 0x00000000fa300000| PB 0x00000000fa300000| Complete 
|1956|0x00000000fa400000, 0x00000000fa500000, 0x00000000fa500000|100%| E|CS|TAMS 0x00000000fa400000| PB 0x00000000fa400000| Complete 
|1957|0x00000000fa500000, 0x00000000fa600000, 0x00000000fa600000|100%| E|CS|TAMS 0x00000000fa500000| PB 0x00000000fa500000| Complete 
|1958|0x00000000fa600000, 0x00000000fa700000, 0x00000000fa700000|100%| E|CS|TAMS 0x00000000fa600000| PB 0x00000000fa600000| Complete 
|1959|0x00000000fa700000, 0x00000000fa800000, 0x00000000fa800000|100%| O|  |TAMS 0x00000000fa700000| PB 0x00000000fa700000| Untracked 
|1960|0x00000000fa800000, 0x00000000fa900000, 0x00000000fa900000|100%| O|  |TAMS 0x00000000fa800000| PB 0x00000000fa800000| Untracked 
|1961|0x00000000fa900000, 0x00000000faa00000, 0x00000000faa00000|100%| O|  |TAMS 0x00000000fa900000| PB 0x00000000fa900000| Untracked 
|1962|0x00000000faa00000, 0x00000000fab00000, 0x00000000fab00000|100%| O|  |TAMS 0x00000000faa00000| PB 0x00000000faa00000| Untracked 
|1963|0x00000000fab00000, 0x00000000fac00000, 0x00000000fac00000|100%| O|  |TAMS 0x00000000fab00000| PB 0x00000000fab00000| Untracked 
|1964|0x00000000fac00000, 0x00000000fad00000, 0x00000000fad00000|100%| O|  |TAMS 0x00000000fac00000| PB 0x00000000fac00000| Untracked 
|1965|0x00000000fad00000, 0x00000000fae00000, 0x00000000fae00000|100%| O|  |TAMS 0x00000000fad00000| PB 0x00000000fad00000| Untracked 
|1966|0x00000000fae00000, 0x00000000faf00000, 0x00000000faf00000|100%| O|  |TAMS 0x00000000fae00000| PB 0x00000000fae00000| Untracked 
|1967|0x00000000faf00000, 0x00000000fb000000, 0x00000000fb000000|100%| O|  |TAMS 0x00000000faf00000| PB 0x00000000faf00000| Untracked 
|1968|0x00000000fb000000, 0x00000000fb100000, 0x00000000fb100000|100%| O|  |TAMS 0x00000000fb000000| PB 0x00000000fb000000| Untracked 
|1969|0x00000000fb100000, 0x00000000fb200000, 0x00000000fb200000|100%| O|  |TAMS 0x00000000fb100000| PB 0x00000000fb100000| Untracked 
|1970|0x00000000fb200000, 0x00000000fb300000, 0x00000000fb300000|100%| O|  |TAMS 0x00000000fb200000| PB 0x00000000fb200000| Untracked 
|1971|0x00000000fb300000, 0x00000000fb400000, 0x00000000fb400000|100%| O|  |TAMS 0x00000000fb300000| PB 0x00000000fb300000| Untracked 
|1972|0x00000000fb400000, 0x00000000fb500000, 0x00000000fb500000|100%| O|  |TAMS 0x00000000fb400000| PB 0x00000000fb400000| Untracked 
|1973|0x00000000fb500000, 0x00000000fb600000, 0x00000000fb600000|100%| O|  |TAMS 0x00000000fb500000| PB 0x00000000fb500000| Untracked 
|1974|0x00000000fb600000, 0x00000000fb700000, 0x00000000fb700000|100%| O|  |TAMS 0x00000000fb600000| PB 0x00000000fb600000| Untracked 
|1975|0x00000000fb700000, 0x00000000fb800000, 0x00000000fb800000|100%| O|  |TAMS 0x00000000fb700000| PB 0x00000000fb700000| Untracked 
|1976|0x00000000fb800000, 0x00000000fb900000, 0x00000000fb900000|100%| O|  |TAMS 0x00000000fb800000| PB 0x00000000fb800000| Untracked 
|1977|0x00000000fb900000, 0x00000000fba00000, 0x00000000fba00000|100%| O|  |TAMS 0x00000000fb900000| PB 0x00000000fb900000| Untracked 
|1978|0x00000000fba00000, 0x00000000fbb00000, 0x00000000fbb00000|100%| O|  |TAMS 0x00000000fba00000| PB 0x00000000fba00000| Untracked 
|1979|0x00000000fbb00000, 0x00000000fbc00000, 0x00000000fbc00000|100%| O|  |TAMS 0x00000000fbb00000| PB 0x00000000fbb00000| Untracked 
|1980|0x00000000fbc00000, 0x00000000fbd00000, 0x00000000fbd00000|100%| O|  |TAMS 0x00000000fbc00000| PB 0x00000000fbc00000| Untracked 
|1981|0x00000000fbd00000, 0x00000000fbe00000, 0x00000000fbe00000|100%| O|  |TAMS 0x00000000fbd00000| PB 0x00000000fbd00000| Untracked 
|1982|0x00000000fbe00000, 0x00000000fbf00000, 0x00000000fbf00000|100%| O|  |TAMS 0x00000000fbe00000| PB 0x00000000fbe00000| Untracked 
|1983|0x00000000fbf00000, 0x00000000fc000000, 0x00000000fc000000|100%| O|  |TAMS 0x00000000fbf00000| PB 0x00000000fbf00000| Untracked 
|1984|0x00000000fc000000, 0x00000000fc100000, 0x00000000fc100000|100%| O|  |TAMS 0x00000000fc000000| PB 0x00000000fc000000| Untracked 
|1985|0x00000000fc100000, 0x00000000fc200000, 0x00000000fc200000|100%| O|  |TAMS 0x00000000fc100000| PB 0x00000000fc100000| Untracked 
|1986|0x00000000fc200000, 0x00000000fc300000, 0x00000000fc300000|100%| O|  |TAMS 0x00000000fc200000| PB 0x00000000fc200000| Untracked 
|1987|0x00000000fc300000, 0x00000000fc400000, 0x00000000fc400000|100%| O|  |TAMS 0x00000000fc300000| PB 0x00000000fc300000| Untracked 
|1988|0x00000000fc400000, 0x00000000fc500000, 0x00000000fc500000|100%| O|  |TAMS 0x00000000fc400000| PB 0x00000000fc400000| Untracked 
|1989|0x00000000fc500000, 0x00000000fc600000, 0x00000000fc600000|100%| O|  |TAMS 0x00000000fc500000| PB 0x00000000fc500000| Untracked 
|1990|0x00000000fc600000, 0x00000000fc700000, 0x00000000fc700000|100%| O|  |TAMS 0x00000000fc600000| PB 0x00000000fc600000| Untracked 
|1991|0x00000000fc700000, 0x00000000fc800000, 0x00000000fc800000|100%| O|  |TAMS 0x00000000fc700000| PB 0x00000000fc700000| Untracked 
|1992|0x00000000fc800000, 0x00000000fc900000, 0x00000000fc900000|100%| O|  |TAMS 0x00000000fc800000| PB 0x00000000fc800000| Untracked 
|1993|0x00000000fc900000, 0x00000000fca00000, 0x00000000fca00000|100%| O|  |TAMS 0x00000000fc900000| PB 0x00000000fc900000| Untracked 
|1994|0x00000000fca00000, 0x00000000fcb00000, 0x00000000fcb00000|100%| O|CS|TAMS 0x00000000fca00000| PB 0x00000000fca00000| Complete 
|1995|0x00000000fcb00000, 0x00000000fcc00000, 0x00000000fcc00000|100%| O|  |TAMS 0x00000000fcb00000| PB 0x00000000fcb00000| Untracked 
|1996|0x00000000fcc00000, 0x00000000fcd00000, 0x00000000fcd00000|100%| O|  |TAMS 0x00000000fcc00000| PB 0x00000000fcc00000| Untracked 
|1997|0x00000000fcd00000, 0x00000000fce00000, 0x00000000fce00000|100%| O|CS|TAMS 0x00000000fcd00000| PB 0x00000000fcd00000| Complete 
|1998|0x00000000fce00000, 0x00000000fcf00000, 0x00000000fcf00000|100%| O|  |TAMS 0x00000000fce00000| PB 0x00000000fce00000| Untracked 
|1999|0x00000000fcf00000, 0x00000000fd000000, 0x00000000fd000000|100%| O|  |TAMS 0x00000000fcf00000| PB 0x00000000fcf00000| Untracked 
|2000|0x00000000fd000000, 0x00000000fd100000, 0x00000000fd100000|100%| O|  |TAMS 0x00000000fd000000| PB 0x00000000fd000000| Untracked 
|2001|0x00000000fd100000, 0x00000000fd200000, 0x00000000fd200000|100%| O|  |TAMS 0x00000000fd100000| PB 0x00000000fd100000| Untracked 
|2002|0x00000000fd200000, 0x00000000fd300000, 0x00000000fd300000|100%| O|  |TAMS 0x00000000fd200000| PB 0x00000000fd200000| Untracked 
|2003|0x00000000fd300000, 0x00000000fd400000, 0x00000000fd400000|100%| O|  |TAMS 0x00000000fd300000| PB 0x00000000fd300000| Untracked 
|2004|0x00000000fd400000, 0x00000000fd500000, 0x00000000fd500000|100%| O|  |TAMS 0x00000000fd400000| PB 0x00000000fd400000| Untracked 
|2005|0x00000000fd500000, 0x00000000fd600000, 0x00000000fd600000|100%| O|  |TAMS 0x00000000fd500000| PB 0x00000000fd500000| Untracked 
|2006|0x00000000fd600000, 0x00000000fd700000, 0x00000000fd700000|100%| O|  |TAMS 0x00000000fd600000| PB 0x00000000fd600000| Untracked 
|2007|0x00000000fd700000, 0x00000000fd800000, 0x00000000fd800000|100%| O|  |TAMS 0x00000000fd700000| PB 0x00000000fd700000| Untracked 
|2008|0x00000000fd800000, 0x00000000fd900000, 0x00000000fd900000|100%| O|  |TAMS 0x00000000fd800000| PB 0x00000000fd800000| Untracked 
|2009|0x00000000fd900000, 0x00000000fda00000, 0x00000000fda00000|100%| O|  |TAMS 0x00000000fd900000| PB 0x00000000fd900000| Untracked 
|2010|0x00000000fda00000, 0x00000000fdb00000, 0x00000000fdb00000|100%| O|  |TAMS 0x00000000fda00000| PB 0x00000000fda00000| Untracked 
|2011|0x00000000fdb00000, 0x00000000fdc00000, 0x00000000fdc00000|100%| O|  |TAMS 0x00000000fdb00000| PB 0x00000000fdb00000| Untracked 
|2012|0x00000000fdc00000, 0x00000000fdd00000, 0x00000000fdd00000|100%| E|CS|TAMS 0x00000000fdc00000| PB 0x00000000fdc00000| Complete 
|2013|0x00000000fdd00000, 0x00000000fde00000, 0x00000000fde00000|100%| E|CS|TAMS 0x00000000fdd00000| PB 0x00000000fdd00000| Complete 
|2014|0x00000000fde00000, 0x00000000fdf00000, 0x00000000fdf00000|100%| O|  |TAMS 0x00000000fde00000| PB 0x00000000fde00000| Untracked 
|2015|0x00000000fdf00000, 0x00000000fe000000, 0x00000000fe000000|100%| E|CS|TAMS 0x00000000fdf00000| PB 0x00000000fdf00000| Complete 
|2016|0x00000000fe000000, 0x00000000fe100000, 0x00000000fe100000|100%| E|CS|TAMS 0x00000000fe000000| PB 0x00000000fe000000| Complete 
|2017|0x00000000fe100000, 0x00000000fe200000, 0x00000000fe200000|100%| E|CS|TAMS 0x00000000fe100000| PB 0x00000000fe100000| Complete 
|2018|0x00000000fe200000, 0x00000000fe300000, 0x00000000fe300000|100%| E|CS|TAMS 0x00000000fe200000| PB 0x00000000fe200000| Complete 
|2019|0x00000000fe300000, 0x00000000fe400000, 0x00000000fe400000|100%| E|CS|TAMS 0x00000000fe300000| PB 0x00000000fe300000| Complete 
|2020|0x00000000fe400000, 0x00000000fe500000, 0x00000000fe500000|100%| E|CS|TAMS 0x00000000fe400000| PB 0x00000000fe400000| Complete 
|2021|0x00000000fe500000, 0x00000000fe600000, 0x00000000fe600000|100%| E|CS|TAMS 0x00000000fe500000| PB 0x00000000fe500000| Complete 
|2022|0x00000000fe600000, 0x00000000fe700000, 0x00000000fe700000|100%| E|CS|TAMS 0x00000000fe600000| PB 0x00000000fe600000| Complete 
|2023|0x00000000fe700000, 0x00000000fe800000, 0x00000000fe800000|100%| E|CS|TAMS 0x00000000fe700000| PB 0x00000000fe700000| Complete 
|2024|0x00000000fe800000, 0x00000000fe900000, 0x00000000fe900000|100%| E|CS|TAMS 0x00000000fe800000| PB 0x00000000fe800000| Complete 
|2025|0x00000000fe900000, 0x00000000fea00000, 0x00000000fea00000|100%| E|CS|TAMS 0x00000000fe900000| PB 0x00000000fe900000| Complete 
|2026|0x00000000fea00000, 0x00000000feb00000, 0x00000000feb00000|100%| E|CS|TAMS 0x00000000fea00000| PB 0x00000000fea00000| Complete 
|2027|0x00000000feb00000, 0x00000000fec00000, 0x00000000fec00000|100%| E|CS|TAMS 0x00000000feb00000| PB 0x00000000feb00000| Complete 
|2028|0x00000000fec00000, 0x00000000fed00000, 0x00000000fed00000|100%| E|CS|TAMS 0x00000000fec00000| PB 0x00000000fec00000| Complete 
|2029|0x00000000fed00000, 0x00000000fee00000, 0x00000000fee00000|100%| E|CS|TAMS 0x00000000fed00000| PB 0x00000000fed00000| Complete 
|2030|0x00000000fee00000, 0x00000000fef00000, 0x00000000fef00000|100%| O|  |TAMS 0x00000000fee00000| PB 0x00000000fee00000| Untracked 
|2031|0x00000000fef00000, 0x00000000ff000000, 0x00000000ff000000|100%| E|CS|TAMS 0x00000000fef00000| PB 0x00000000fef00000| Complete 
|2032|0x00000000ff000000, 0x00000000ff100000, 0x00000000ff100000|100%| O|  |TAMS 0x00000000ff000000| PB 0x00000000ff000000| Untracked 
|2033|0x00000000ff100000, 0x00000000ff200000, 0x00000000ff200000|100%| E|CS|TAMS 0x00000000ff100000| PB 0x00000000ff100000| Complete 
|2034|0x00000000ff200000, 0x00000000ff300000, 0x00000000ff300000|100%| O|  |TAMS 0x00000000ff200000| PB 0x00000000ff200000| Untracked 
|2035|0x00000000ff300000, 0x00000000ff400000, 0x00000000ff400000|100%| E|CS|TAMS 0x00000000ff300000| PB 0x00000000ff300000| Complete 
|2036|0x00000000ff400000, 0x00000000ff500000, 0x00000000ff500000|100%| E|CS|TAMS 0x00000000ff400000| PB 0x00000000ff400000| Complete 
|2037|0x00000000ff500000, 0x00000000ff600000, 0x00000000ff600000|100%| E|CS|TAMS 0x00000000ff500000| PB 0x00000000ff500000| Complete 
|2038|0x00000000ff600000, 0x00000000ff700000, 0x00000000ff700000|100%| E|CS|TAMS 0x00000000ff600000| PB 0x00000000ff600000| Complete 
|2039|0x00000000ff700000, 0x00000000ff800000, 0x00000000ff800000|100%| E|CS|TAMS 0x00000000ff700000| PB 0x00000000ff700000| Complete 
|2040|0x00000000ff800000, 0x00000000ff900000, 0x00000000ff900000|100%| E|CS|TAMS 0x00000000ff800000| PB 0x00000000ff800000| Complete 
|2041|0x00000000ff900000, 0x00000000ffa00000, 0x00000000ffa00000|100%| E|CS|TAMS 0x00000000ff900000| PB 0x00000000ff900000| Complete 
|2042|0x00000000ffa00000, 0x00000000ffb00000, 0x00000000ffb00000|100%| O|  |TAMS 0x00000000ffa00000| PB 0x00000000ffa00000| Untracked 
|2043|0x00000000ffb00000, 0x00000000ffc00000, 0x00000000ffc00000|100%| O|  |TAMS 0x00000000ffb00000| PB 0x00000000ffb00000| Untracked 
|2044|0x00000000ffc00000, 0x00000000ffd00000, 0x00000000ffd00000|100%| O|  |TAMS 0x00000000ffc00000| PB 0x00000000ffc00000| Untracked 
|2045|0x00000000ffd00000, 0x00000000ffe00000, 0x00000000ffe00000|100%| O|  |TAMS 0x00000000ffd00000| PB 0x00000000ffd00000| Untracked 
|2046|0x00000000ffe00000, 0x00000000fff00000, 0x00000000fff00000|100%| O|  |TAMS 0x00000000ffe00000| PB 0x00000000ffe00000| Untracked 
|2047|0x00000000fff00000, 0x0000000100000000, 0x0000000100000000|100%| O|  |TAMS 0x00000000fff00000| PB 0x00000000fff00000| Untracked 

Card table byte_map: [0x000001aac8010000,0x000001aac8410000] _byte_map_base: 0x000001aac7c10000

Marking Bits: (CMBitMap*) 0x000001aab57d40f0
 Bits: [0x000001aac8410000, 0x000001aaca410000)

Polling page: 0x000001aab3620000

Metaspace:

Usage:
  Non-class:    155.19 MB used.
      Class:     23.43 MB used.
       Both:    178.63 MB used.

Virtual space:
  Non-class space:      192.00 MB reserved,     156.19 MB ( 81%) committed,  3 nodes.
      Class space:        1.00 GB reserved,      24.88 MB (  2%) committed,  1 nodes.
             Both:        1.19 GB reserved,     181.06 MB ( 15%) committed. 

Chunk freelists:
   Non-Class:  3.86 MB
       Class:  7.67 MB
        Both:  11.53 MB

MaxMetaspaceSize: unlimited
CompressedClassSpaceSize: 1.00 GB
Initial GC threshold: 21.00 MB
Current GC threshold: 300.94 MB
CDS: off
 - commit_granule_bytes: 65536.
 - commit_granule_words: 8192.
 - virtual_space_node_default_size: 8388608.
 - enlarge_chunks_in_place: 1.
 - use_allocation_guard: 0.


Internal statistics:

num_allocs_failed_limit: 12.
num_arena_births: 7718.
num_arena_deaths: 3910.
num_vsnodes_births: 4.
num_vsnodes_deaths: 0.
num_space_committed: 2894.
num_space_uncommitted: 0.
num_chunks_returned_to_freelist: 4788.
num_chunks_taken_from_freelist: 17236.
num_chunk_merges: 1600.
num_chunk_splits: 10001.
num_chunks_enlarged: 6036.
num_inconsistent_stats: 0.

CodeHeap 'non-profiled nmethods': size=120000Kb used=35921Kb max_used=35921Kb free=84078Kb
 bounds [0x000001aac03b0000, 0x000001aac26d0000, 0x000001aac78e0000]
CodeHeap 'profiled nmethods': size=120000Kb used=48484Kb max_used=48484Kb free=71515Kb
 bounds [0x000001aab88e0000, 0x000001aabb850000, 0x000001aabfe10000]
CodeHeap 'non-nmethods': size=5760Kb used=2404Kb max_used=2484Kb free=3355Kb
 bounds [0x000001aabfe10000, 0x000001aac0090000, 0x000001aac03b0000]
CodeCache: size=245760Kb, used=86809Kb, max_used=86889Kb, free=158948Kb
 total_blobs=25460, nmethods=24445, adapters=918, full_count=0
Compilation: enabled, stopped_count=0, restarted_count=0

Compilation events (20 events):
Event: 9569.884 Thread 0x000001aaccfb5d80 62662       2       com.android.tools.r8.graph.N2$h::a (24 bytes)
Event: 9569.885 Thread 0x000001aaccfb5d80 nmethod 62662 0x000001aabadee610 code [0x000001aabadee7a0, 0x000001aabadee910]
Event: 9569.888 Thread 0x000001aaccfb5d80 62663       2       com.android.tools.r8.dex.code.f4::<init> (7 bytes)
Event: 9569.889 Thread 0x000001aaccfb5d80 nmethod 62663 0x000001aabb433610 code [0x000001aabb4337c0, 0x000001aabb4338e0]
Event: 9569.900 Thread 0x000001aaccfb5d80 62664       2       com.android.tools.r8.dex.code.D3::<init> (7 bytes)
Event: 9569.900 Thread 0x000001aaccfb5d80 nmethod 62664 0x000001aabadee290 code [0x000001aabadee440, 0x000001aabadee560]
Event: 9569.903 Thread 0x000001aaccfb5d80 62665       2       com.android.tools.r8.dex.code.W2::<init> (7 bytes)
Event: 9569.904 Thread 0x000001aaccfb5d80 nmethod 62665 0x000001aabadede10 code [0x000001aabadedfc0, 0x000001aabadee0e0]
Event: 9569.916 Thread 0x000001aaccfb5d80 62666 %     3       com.android.tools.r8.graph.I4::a @ 94 (160 bytes)
Event: 9569.918 Thread 0x000001aaccfb5d80 nmethod 62666% 0x000001aabb840a90 code [0x000001aabb840de0, 0x000001aabb842458]
Event: 9569.928 Thread 0x000001aaccfb5d80 62667       2       com.android.tools.r8.dex.code.V2::<init> (7 bytes)
Event: 9569.928 Thread 0x000001aaccfb5d80 nmethod 62667 0x000001aabb842c90 code [0x000001aabb842e40, 0x000001aabb842f60]
Event: 9569.943 Thread 0x000001aaccfb5d80 62668       2       com.android.tools.r8.dex.code.r::<init> (7 bytes)
Event: 9569.944 Thread 0x000001aaccfb5d80 nmethod 62668 0x000001aabb843010 code [0x000001aabb8431c0, 0x000001aabb8432e0]
Event: 9569.977 Thread 0x000001aade65c2f0 nmethod 62573% 0x000001aac26b7590 code [0x000001aac26b7d20, 0x000001aac26bebf0]
Event: 9569.977 Thread 0x000001aade65c2f0 62578       4       com.android.tools.r8.graph.D::<init> (10 bytes)
Event: 9569.978 Thread 0x000001aade65c2f0 nmethod 62578 0x000001aac26c3e90 code [0x000001aac26c4020, 0x000001aac26c40b8]
Event: 9569.978 Thread 0x000001aade65c2f0 62595       4       com.android.tools.r8.graph.I0::<init> (158 bytes)
Event: 9569.994 Thread 0x000001aaccfb5d80 62672       1       java.util.concurrent.ForkJoinTask$AdaptedInterruptibleCallable::getRawResult (5 bytes)
Event: 9569.994 Thread 0x000001aaccfb5d80 nmethod 62672 0x000001aac26c4190 code [0x000001aac26c4320, 0x000001aac26c43e8]

GC Heap History (20 events):
Event: 7004.102 GC heap after
{Heap after GC invocations=148 (full 0):
 garbage-first heap   total 573440K, used 174691K [0x0000000080000000, 0x0000000100000000)
  region size 1024K, 21 young (21504K), 21 survivors (21504K)
 Metaspace       used 179734K, committed 182464K, reserved 1245184K
  class space    used 23564K, committed 25472K, reserved 1048576K
}
Event: 7009.256 GC heap before
{Heap before GC invocations=148 (full 0):
 garbage-first heap   total 573440K, used 534115K [0x0000000080000000, 0x0000000100000000)
  region size 1024K, 336 young (344064K), 21 survivors (21504K)
 Metaspace       used 179814K, committed 182592K, reserved 1245184K
  class space    used 23565K, committed 25472K, reserved 1048576K
}
Event: 7009.269 GC heap after
{Heap after GC invocations=149 (full 0):
 garbage-first heap   total 573440K, used 167681K [0x0000000080000000, 0x0000000100000000)
  region size 1024K, 18 young (18432K), 18 survivors (18432K)
 Metaspace       used 179814K, committed 182592K, reserved 1245184K
  class space    used 23565K, committed 25472K, reserved 1048576K
}
Event: 9512.282 GC heap before
{Heap before GC invocations=149 (full 0):
 garbage-first heap   total 573440K, used 373505K [0x0000000080000000, 0x0000000100000000)
  region size 1024K, 221 young (226304K), 18 survivors (18432K)
 Metaspace       used 179873K, committed 182656K, reserved 1245184K
  class space    used 23565K, committed 25472K, reserved 1048576K
}
Event: 9512.298 GC heap after
{Heap after GC invocations=150 (full 0):
 garbage-first heap   total 573440K, used 162523K [0x0000000080000000, 0x0000000100000000)
  region size 1024K, 15 young (15360K), 15 survivors (15360K)
 Metaspace       used 179873K, committed 182656K, reserved 1245184K
  class space    used 23565K, committed 25472K, reserved 1048576K
}
Event: 9517.011 GC heap before
{Heap before GC invocations=151 (full 0):
 garbage-first heap   total 557056K, used 509659K [0x0000000080000000, 0x0000000100000000)
  region size 1024K, 326 young (333824K), 15 survivors (15360K)
 Metaspace       used 179907K, committed 182784K, reserved 1245184K
  class space    used 23507K, committed 25472K, reserved 1048576K
}
Event: 9517.029 GC heap after
{Heap after GC invocations=152 (full 0):
 garbage-first heap   total 557056K, used 168616K [0x0000000080000000, 0x0000000100000000)
  region size 1024K, 21 young (21504K), 21 survivors (21504K)
 Metaspace       used 179907K, committed 182784K, reserved 1245184K
  class space    used 23507K, committed 25472K, reserved 1048576K
}
Event: 9526.848 GC heap before
{Heap before GC invocations=152 (full 0):
 garbage-first heap   total 557056K, used 490152K [0x0000000080000000, 0x0000000100000000)
  region size 1024K, 326 young (333824K), 21 survivors (21504K)
 Metaspace       used 180379K, committed 183040K, reserved 1245184K
  class space    used 23549K, committed 25472K, reserved 1048576K
}
Event: 9526.873 GC heap after
{Heap after GC invocations=153 (full 0):
 garbage-first heap   total 557056K, used 171750K [0x0000000080000000, 0x0000000100000000)
  region size 1024K, 27 young (27648K), 27 survivors (27648K)
 Metaspace       used 180379K, committed 183040K, reserved 1245184K
  class space    used 23549K, committed 25472K, reserved 1048576K
}
Event: 9526.940 GC heap before
{Heap before GC invocations=153 (full 0):
 garbage-first heap   total 557056K, used 176870K [0x0000000080000000, 0x0000000100000000)
  region size 1024K, 34 young (34816K), 27 survivors (27648K)
 Metaspace       used 180407K, committed 183040K, reserved 1245184K
  class space    used 23554K, committed 25472K, reserved 1048576K
}
Event: 9526.958 GC heap after
{Heap after GC invocations=154 (full 0):
 garbage-first heap   total 557056K, used 169940K [0x0000000080000000, 0x0000000100000000)
  region size 1024K, 14 young (14336K), 14 survivors (14336K)
 Metaspace       used 180407K, committed 183040K, reserved 1245184K
  class space    used 23554K, committed 25472K, reserved 1048576K
}
Event: 9563.165 GC heap before
{Heap before GC invocations=155 (full 0):
 garbage-first heap   total 557056K, used 525268K [0x0000000080000000, 0x0000000100000000)
  region size 1024K, 326 young (333824K), 14 survivors (14336K)
 Metaspace       used 182288K, committed 184768K, reserved 1245184K
  class space    used 23949K, committed 25472K, reserved 1048576K
}
Event: 9563.204 GC heap after
{Heap after GC invocations=156 (full 0):
 garbage-first heap   total 583680K, used 214699K [0x0000000080000000, 0x0000000100000000)
  region size 1024K, 41 young (41984K), 41 survivors (41984K)
 Metaspace       used 182288K, committed 184768K, reserved 1245184K
  class space    used 23949K, committed 25472K, reserved 1048576K
}
Event: 9565.896 GC heap before
{Heap before GC invocations=156 (full 0):
 garbage-first heap   total 583680K, used 535211K [0x0000000080000000, 0x0000000100000000)
  region size 1024K, 321 young (328704K), 41 survivors (41984K)
 Metaspace       used 182402K, committed 184896K, reserved 1245184K
  class space    used 23952K, committed 25472K, reserved 1048576K
}
Event: 9565.936 GC heap after
{Heap after GC invocations=157 (full 0):
 garbage-first heap   total 589824K, used 217088K [0x0000000080000000, 0x0000000100000000)
  region size 1024K, 8 young (8192K), 8 survivors (8192K)
 Metaspace       used 182402K, committed 184896K, reserved 1245184K
  class space    used 23952K, committed 25472K, reserved 1048576K
}
Event: 9566.111 GC heap before
{Heap before GC invocations=157 (full 0):
 garbage-first heap   total 589824K, used 227328K [0x0000000080000000, 0x0000000100000000)
  region size 1024K, 19 young (19456K), 8 survivors (8192K)
 Metaspace       used 182402K, committed 184896K, reserved 1245184K
  class space    used 23952K, committed 25472K, reserved 1048576K
}
Event: 9566.118 GC heap after
{Heap after GC invocations=158 (full 0):
 garbage-first heap   total 589824K, used 216571K [0x0000000080000000, 0x0000000100000000)
  region size 1024K, 8 young (8192K), 8 survivors (8192K)
 Metaspace       used 182402K, committed 184896K, reserved 1245184K
  class space    used 23952K, committed 25472K, reserved 1048576K
}
Event: 9569.196 GC heap before
{Heap before GC invocations=159 (full 0):
 garbage-first heap   total 589824K, used 588283K [0x0000000080000000, 0x0000000100000000)
  region size 1024K, 292 young (299008K), 8 survivors (8192K)
 Metaspace       used 182815K, committed 185216K, reserved 1245184K
  class space    used 23993K, committed 25472K, reserved 1048576K
}
Event: 9569.252 GC heap after
{Heap after GC invocations=160 (full 0):
 garbage-first heap   total 653312K, used 318262K [0x0000000080000000, 0x0000000100000000)
  region size 1024K, 39 young (39936K), 39 survivors (39936K)
 Metaspace       used 182815K, committed 185216K, reserved 1245184K
  class space    used 23993K, committed 25472K, reserved 1048576K
}
Event: 9569.995 GC heap before
{Heap before GC invocations=160 (full 0):
 garbage-first heap   total 653312K, used 566070K [0x0000000080000000, 0x0000000100000000)
  region size 1024K, 279 young (285696K), 39 survivors (39936K)
 Metaspace       used 182913K, committed 185408K, reserved 1245184K
  class space    used 23994K, committed 25472K, reserved 1048576K
}

Dll operation events (3 events):
Event: 0.027 Loaded shared library C:\Program Files\Android\Android Studio\jbr\bin\java.dll
Event: 0.043 Loaded shared library C:\Program Files\Android\Android Studio\jbr\bin\zip.dll
Event: 1.729 Loaded shared library C:\Program Files\Android\Android Studio\jbr\bin\verify.dll

Deoptimization events (20 events):
Event: 9569.423 Thread 0x000001aade6780f0 Uncommon trap: trap_request=0xffffff45 fr.pc=0x000001aac1671b8c relative=0x00000000000003cc
Event: 9569.423 Thread 0x000001aade6780f0 Uncommon trap: reason=unstable_if action=reinterpret pc=0x000001aac1671b8c method=com.android.tools.r8.graph.k1.c(Ljava/lang/Object;)Z @ 51 c2
Event: 9569.423 Thread 0x000001aade6780f0 DEOPT PACKING pc=0x000001aac1671b8c sp=0x00000004ad9fedf0
Event: 9569.424 Thread 0x000001aade6780f0 DEOPT UNPACKING pc=0x000001aabfe67aa2 sp=0x00000004ad9fed80 mode 2
Event: 9569.459 Thread 0x000001aae301bca0 Uncommon trap: trap_request=0xffffff45 fr.pc=0x000001aac082b19c relative=0x00000000000003dc
Event: 9569.459 Thread 0x000001aae301bca0 Uncommon trap: reason=unstable_if action=reinterpret pc=0x000001aac082b19c method=java.util.concurrent.ConcurrentLinkedQueue.offer(Ljava/lang/Object;)Z @ 96 c2
Event: 9569.459 Thread 0x000001aae301bca0 DEOPT PACKING pc=0x000001aac082b19c sp=0x00000004b44fea80
Event: 9569.459 Thread 0x000001aae301bca0 DEOPT UNPACKING pc=0x000001aabfe67aa2 sp=0x00000004b44fe9b0 mode 2
Event: 9569.562 Thread 0x000001aade5bcea0 Uncommon trap: trap_request=0xffffff45 fr.pc=0x000001aac26a679c relative=0x0000000000000dbc
Event: 9569.562 Thread 0x000001aade5bcea0 Uncommon trap: reason=unstable_if action=reinterpret pc=0x000001aac26a679c method=com.android.tools.r8.dex.C.h()Lcom/android/tools/r8/graph/N2; @ 20 c2
Event: 9569.562 Thread 0x000001aade5bcea0 DEOPT PACKING pc=0x000001aac26a679c sp=0x00000004b51fe840
Event: 9569.562 Thread 0x000001aade5bcea0 DEOPT UNPACKING pc=0x000001aabfe67aa2 sp=0x00000004b51fe7f8 mode 2
Event: 9569.979 Thread 0x000001aade676d40 DEOPT PACKING pc=0x000001aabb61c67d sp=0x00000004b52fedd0
Event: 9569.979 Thread 0x000001aade676d40 DEOPT UNPACKING pc=0x000001aabfe685e2 sp=0x00000004b52fe350 mode 0
Event: 9569.983 Thread 0x000001aade676d40 DEOPT PACKING pc=0x000001aabb61c67d sp=0x00000004b52fedd0
Event: 9569.984 Thread 0x000001aade676d40 DEOPT UNPACKING pc=0x000001aabfe685e2 sp=0x00000004b52fe350 mode 0
Event: 9569.988 Thread 0x000001aade676d40 DEOPT PACKING pc=0x000001aabb61c67d sp=0x00000004b52fedd0
Event: 9569.988 Thread 0x000001aade676d40 DEOPT UNPACKING pc=0x000001aabfe685e2 sp=0x00000004b52fe350 mode 0
Event: 9569.992 Thread 0x000001aade676d40 DEOPT PACKING pc=0x000001aabb61c67d sp=0x00000004b52fedd0
Event: 9569.992 Thread 0x000001aade676d40 DEOPT UNPACKING pc=0x000001aabfe685e2 sp=0x00000004b52fe350 mode 0

Classes loaded (20 events):
Event: 9513.840 Loading class java/util/TreeMap$DescendingSubMap
Event: 9513.840 Loading class java/util/TreeMap$NavigableSubMap
Event: 9513.841 Loading class java/util/TreeMap$NavigableSubMap done
Event: 9513.841 Loading class java/util/TreeMap$DescendingSubMap done
Event: 9513.841 Loading class java/util/TreeMap$DescendingSubMap$DescendingEntrySetView
Event: 9513.841 Loading class java/util/TreeMap$NavigableSubMap$EntrySetView
Event: 9513.842 Loading class java/util/TreeMap$NavigableSubMap$EntrySetView done
Event: 9513.842 Loading class java/util/TreeMap$DescendingSubMap$DescendingEntrySetView done
Event: 9513.842 Loading class java/util/TreeMap$NavigableSubMap$DescendingSubMapEntryIterator
Event: 9513.842 Loading class java/util/TreeMap$NavigableSubMap$SubMapIterator
Event: 9513.842 Loading class java/util/TreeMap$NavigableSubMap$SubMapIterator done
Event: 9513.842 Loading class java/util/TreeMap$NavigableSubMap$DescendingSubMapEntryIterator done
Event: 9513.858 Loading class com/sun/org/apache/xerces/internal/dom/DeepNodeListImpl
Event: 9513.859 Loading class com/sun/org/apache/xerces/internal/dom/DeepNodeListImpl done
Event: 9559.891 Loading class java/lang/annotation/IncompleteAnnotationException
Event: 9559.892 Loading class java/lang/annotation/IncompleteAnnotationException done
Event: 9562.707 Loading class com/sun/org/apache/xerces/internal/xni/grammars/XMLGrammarPool
Event: 9562.707 Loading class com/sun/org/apache/xerces/internal/xni/grammars/XMLGrammarPool done
Event: 9569.058 Loading class java/io/BufferedReader$1
Event: 9569.058 Loading class java/io/BufferedReader$1 done

Classes unloaded (20 events):
Event: 9566.385 Thread 0x000001aacce42510 Unloading class 0x0000000101185400 'java/lang/invoke/LambdaForm$MH+0x0000000101185400'
Event: 9566.385 Thread 0x000001aacce42510 Unloading class 0x0000000100f94800 'java/lang/invoke/LambdaForm$MH+0x0000000100f94800'
Event: 9566.385 Thread 0x000001aacce42510 Unloading class 0x0000000100f94400 'java/lang/invoke/LambdaForm$MH+0x0000000100f94400'
Event: 9566.385 Thread 0x000001aacce42510 Unloading class 0x0000000100a00000 'java/lang/invoke/LambdaForm$MH+0x0000000100a00000'
Event: 9566.385 Thread 0x000001aacce42510 Unloading class 0x00000001009e9800 'java/lang/invoke/LambdaForm$MH+0x00000001009e9800'
Event: 9566.385 Thread 0x000001aacce42510 Unloading class 0x00000001009e8c00 'java/lang/invoke/LambdaForm$MH+0x00000001009e8c00'
Event: 9566.385 Thread 0x000001aacce42510 Unloading class 0x000000010076a000 'java/lang/invoke/LambdaForm$MH+0x000000010076a000'
Event: 9566.385 Thread 0x000001aacce42510 Unloading class 0x0000000100769c00 'java/lang/invoke/LambdaForm$MH+0x0000000100769c00'
Event: 9566.385 Thread 0x000001aacce42510 Unloading class 0x000000010063ec00 'java/lang/invoke/LambdaForm$MH+0x000000010063ec00'
Event: 9566.385 Thread 0x000001aacce42510 Unloading class 0x000000010063e800 'java/lang/invoke/LambdaForm$MH+0x000000010063e800'
Event: 9566.385 Thread 0x000001aacce42510 Unloading class 0x0000000100636c00 'java/lang/invoke/LambdaForm$MH+0x0000000100636c00'
Event: 9566.385 Thread 0x000001aacce42510 Unloading class 0x0000000100636800 'java/lang/invoke/LambdaForm$MH+0x0000000100636800'
Event: 9566.385 Thread 0x000001aacce42510 Unloading class 0x00000001005eb800 'java/lang/invoke/LambdaForm$MH+0x00000001005eb800'
Event: 9566.385 Thread 0x000001aacce42510 Unloading class 0x00000001005eb400 'java/lang/invoke/LambdaForm$MH+0x00000001005eb400'
Event: 9566.385 Thread 0x000001aacce42510 Unloading class 0x00000001005ea800 'java/lang/invoke/LambdaForm$MH+0x00000001005ea800'
Event: 9566.385 Thread 0x000001aacce42510 Unloading class 0x00000001005ea400 'java/lang/invoke/LambdaForm$MH+0x00000001005ea400'
Event: 9566.385 Thread 0x000001aacce42510 Unloading class 0x000000010057b000 'java/lang/invoke/LambdaForm$MH+0x000000010057b000'
Event: 9566.385 Thread 0x000001aacce42510 Unloading class 0x000000010057ac00 'java/lang/invoke/LambdaForm$MH+0x000000010057ac00'
Event: 9566.385 Thread 0x000001aacce42510 Unloading class 0x0000000100563c00 'java/lang/invoke/LambdaForm$MH+0x0000000100563c00'
Event: 9566.385 Thread 0x000001aacce42510 Unloading class 0x0000000100563800 'java/lang/invoke/LambdaForm$MH+0x0000000100563800'

Classes redefined (0 events):
No events

Internal exceptions (20 events):
Event: 9568.688 Thread 0x000001aae471e920 Exception <a 'sun/nio/fs/WindowsException'{0x00000000934a6dd0}> (0x00000000934a6dd0) 
thrown [s\src\hotspot\share\prims\jni.cpp, line 537]
Event: 9568.688 Thread 0x000001aae471e920 Exception <a 'sun/nio/fs/WindowsException'{0x00000000934a8128}> (0x00000000934a8128) 
thrown [s\src\hotspot\share\prims\jni.cpp, line 537]
Event: 9568.700 Thread 0x000001aae471e920 Exception <a 'sun/nio/fs/WindowsException'{0x00000000933fd540}> (0x00000000933fd540) 
thrown [s\src\hotspot\share\prims\jni.cpp, line 537]
Event: 9568.700 Thread 0x000001aae471e920 Exception <a 'sun/nio/fs/WindowsException'{0x00000000933fe468}> (0x00000000933fe468) 
thrown [s\src\hotspot\share\prims\jni.cpp, line 537]
Event: 9568.701 Thread 0x000001aae471e920 Exception <a 'sun/nio/fs/WindowsException'{0x00000000933ff0d0}> (0x00000000933ff0d0) 
thrown [s\src\hotspot\share\prims\jni.cpp, line 537]
Event: 9568.701 Thread 0x000001aae471e920 Exception <a 'sun/nio/fs/WindowsException'{0x00000000932658d0}> (0x00000000932658d0) 
thrown [s\src\hotspot\share\prims\jni.cpp, line 537]
Event: 9568.701 Thread 0x000001aae471e920 Exception <a 'sun/nio/fs/WindowsException'{0x0000000093266480}> (0x0000000093266480) 
thrown [s\src\hotspot\share\prims\jni.cpp, line 537]
Event: 9568.701 Thread 0x000001aae471e920 Exception <a 'sun/nio/fs/WindowsException'{0x000000009326cae0}> (0x000000009326cae0) 
thrown [s\src\hotspot\share\prims\jni.cpp, line 537]
Event: 9568.702 Thread 0x000001aae471e920 Exception <a 'sun/nio/fs/WindowsException'{0x000000009326d9f8}> (0x000000009326d9f8) 
thrown [s\src\hotspot\share\prims\jni.cpp, line 537]
Event: 9568.702 Thread 0x000001aae471e920 Exception <a 'sun/nio/fs/WindowsException'{0x000000009326eaa8}> (0x000000009326eaa8) 
thrown [s\src\hotspot\share\prims\jni.cpp, line 537]
Event: 9568.702 Thread 0x000001aae471e920 Exception <a 'sun/nio/fs/WindowsException'{0x000000009326fe00}> (0x000000009326fe00) 
thrown [s\src\hotspot\share\prims\jni.cpp, line 537]
Event: 9568.707 Thread 0x000001aae471e920 Exception <a 'sun/nio/fs/WindowsException'{0x000000009327b430}> (0x000000009327b430) 
thrown [s\src\hotspot\share\prims\jni.cpp, line 537]
Event: 9568.707 Thread 0x000001aae471e920 Exception <a 'sun/nio/fs/WindowsException'{0x000000009327c680}> (0x000000009327c680) 
thrown [s\src\hotspot\share\prims\jni.cpp, line 537]
Event: 9568.708 Thread 0x000001aae471e920 Exception <a 'sun/nio/fs/WindowsException'{0x000000009327d650}> (0x000000009327d650) 
thrown [s\src\hotspot\share\prims\jni.cpp, line 537]
Event: 9568.708 Thread 0x000001aae471e920 Exception <a 'sun/nio/fs/WindowsException'{0x000000009327d840}> (0x000000009327d840) 
thrown [s\src\hotspot\share\prims\jni.cpp, line 537]
Event: 9568.708 Thread 0x000001aae471e920 Exception <a 'sun/nio/fs/WindowsException'{0x000000009327ef68}> (0x000000009327ef68) 
thrown [s\src\hotspot\share\prims\jni.cpp, line 537]
Event: 9569.059 Thread 0x000001aacd21c0c0 Exception <a 'sun/nio/fs/WindowsException'{0x0000000090706da0}> (0x0000000090706da0) 
thrown [s\src\hotspot\share\prims\jni.cpp, line 537]
Event: 9569.059 Thread 0x000001aacd21c0c0 Exception <a 'sun/nio/fs/WindowsException'{0x0000000090706fb0}> (0x0000000090706fb0) 
thrown [s\src\hotspot\share\prims\jni.cpp, line 537]
Event: 9569.061 Thread 0x000001aacd21c0c0 Exception <a 'sun/nio/fs/WindowsException'{0x000000009070bc50}> (0x000000009070bc50) 
thrown [s\src\hotspot\share\prims\jni.cpp, line 537]
Event: 9569.061 Thread 0x000001aacd21c0c0 Exception <a 'sun/nio/fs/WindowsException'{0x00000000907104f8}> (0x00000000907104f8) 
thrown [s\src\hotspot\share\prims\jni.cpp, line 537]

ZGC Phase Switch (0 events):
No events

VM Operations (20 events):
Event: 9567.578 Executing non-safepoint VM operation: HandshakeAllThreads (Deoptimize) done
Event: 9567.584 Executing non-safepoint VM operation: HandshakeAllThreads (Deoptimize)
Event: 9567.585 Executing non-safepoint VM operation: HandshakeAllThreads (Deoptimize) done
Event: 9567.592 Executing non-safepoint VM operation: HandshakeAllThreads (Deoptimize)
Event: 9567.592 Executing non-safepoint VM operation: HandshakeAllThreads (Deoptimize) done
Event: 9567.599 Executing non-safepoint VM operation: HandshakeAllThreads (Deoptimize)
Event: 9567.599 Executing non-safepoint VM operation: HandshakeAllThreads (Deoptimize) done
Event: 9568.612 Executing safepoint VM operation: Cleanup
Event: 9568.613 Executing safepoint VM operation: Cleanup done
Event: 9569.196 Executing safepoint VM operation: G1CollectForAllocation (G1 Evacuation Pause)
Event: 9569.252 Executing safepoint VM operation: G1CollectForAllocation (G1 Evacuation Pause) done
Event: 9569.429 Executing non-safepoint VM operation: HandshakeAllThreads (Deoptimize)
Event: 9569.431 Executing non-safepoint VM operation: HandshakeAllThreads (Deoptimize) done
Event: 9569.463 Executing non-safepoint VM operation: HandshakeAllThreads (Deoptimize)
Event: 9569.464 Executing non-safepoint VM operation: HandshakeAllThreads (Deoptimize) done
Event: 9569.478 Executing non-safepoint VM operation: HandshakeAllThreads (Deoptimize)
Event: 9569.485 Executing non-safepoint VM operation: HandshakeAllThreads (Deoptimize) done
Event: 9569.496 Executing non-safepoint VM operation: HandshakeAllThreads (Deoptimize)
Event: 9569.497 Executing non-safepoint VM operation: HandshakeAllThreads (Deoptimize) done
Event: 9569.995 Executing safepoint VM operation: G1CollectForAllocation (G1 Evacuation Pause)

Memory protections (0 events):
No events

Nmethod flushes (20 events):
Event: 9566.407 Thread 0x000001aacce42510 flushing  nmethod 0x000001aaba5c7290
Event: 9566.407 Thread 0x000001aacce42510 flushing  nmethod 0x000001aaba5c7810
Event: 9566.407 Thread 0x000001aacce42510 flushing  nmethod 0x000001aaba6ad490
Event: 9566.407 Thread 0x000001aacce42510 flushing  nmethod 0x000001aaba6b2490
Event: 9566.407 Thread 0x000001aacce42510 flushing  nmethod 0x000001aaba6b3910
Event: 9566.407 Thread 0x000001aacce42510 flushing  nmethod 0x000001aaba6ef190
Event: 9566.407 Thread 0x000001aacce42510 flushing  nmethod 0x000001aaba73c190
Event: 9566.407 Thread 0x000001aacce42510 flushing  nmethod 0x000001aaba7ee990
Event: 9566.407 Thread 0x000001aacce42510 flushing  nmethod 0x000001aaba922790
Event: 9566.407 Thread 0x000001aacce42510 flushing  nmethod 0x000001aabaac0690
Event: 9566.407 Thread 0x000001aacce42510 flushing  nmethod 0x000001aabaac5a90
Event: 9566.407 Thread 0x000001aacce42510 flushing  nmethod 0x000001aabab1fd90
Event: 9566.407 Thread 0x000001aacce42510 flushing  nmethod 0x000001aabac15a10
Event: 9566.407 Thread 0x000001aacce42510 flushing  nmethod 0x000001aabaceb010
Event: 9566.407 Thread 0x000001aacce42510 flushing  nmethod 0x000001aabad6f090
Event: 9566.407 Thread 0x000001aacce42510 flushing  nmethod 0x000001aabad7a510
Event: 9566.407 Thread 0x000001aacce42510 flushing  nmethod 0x000001aabb00c890
Event: 9566.407 Thread 0x000001aacce42510 flushing  nmethod 0x000001aabb0af210
Event: 9566.407 Thread 0x000001aacce42510 flushing  nmethod 0x000001aabb244a90
Event: 9566.407 Thread 0x000001aacce42510 flushing  nmethod 0x000001aabb395910

Events (20 events):
Event: 9568.398 Thread 0x000001aade65c2f0 Thread exited: 0x000001aade65c2f0
Event: 9568.473 Thread 0x000001aae3579ae0 Thread added: 0x000001aadd3f8e90
Event: 9568.481 Thread 0x000001aacd21c0c0 Thread added: 0x000001aadee19810
Event: 9568.488 Thread 0x000001aacd21c0c0 Thread added: 0x000001aadee19ea0
Event: 9568.488 Thread 0x000001aacd21c0c0 Thread added: 0x000001aade5bef70
Event: 9568.560 Thread 0x000001aaccfb5d80 Thread added: 0x000001aade65c2f0
Event: 9568.570 Thread 0x000001aacd21cde0 Thread added: 0x000001aae3832390
Event: 9568.570 Thread 0x000001aacd21cde0 Thread added: 0x000001aae3b67580
Event: 9568.846 Thread 0x000001aade65c2f0 Thread exited: 0x000001aade65c2f0
Event: 9568.996 Thread 0x000001aade6555f0 Thread exited: 0x000001aade6555f0
Event: 9569.414 Thread 0x000001aacd21d470 Thread added: 0x000001aade6780f0
Event: 9569.415 Thread 0x000001aacd21d470 Thread added: 0x000001aae301bca0
Event: 9569.415 Thread 0x000001aade6780f0 Thread added: 0x000001aade67a1c0
Event: 9569.416 Thread 0x000001aae301bca0 Thread added: 0x000001aade5bfc90
Event: 9569.416 Thread 0x000001aade67a1c0 Thread added: 0x000001aad66bce80
Event: 9569.416 Thread 0x000001aade5bfc90 Thread added: 0x000001aadd3f9bb0
Event: 9569.418 Thread 0x000001aad66bce80 Thread added: 0x000001aade5bcea0
Event: 9569.418 Thread 0x000001aadd3f9bb0 Thread added: 0x000001aade676d40
Event: 9569.426 Thread 0x000001aaccfb5d80 Thread added: 0x000001aade6555f0
Event: 9569.426 Thread 0x000001aaccfb5d80 Thread added: 0x000001aade65c2f0


Dynamic libraries:
0x00007ff663040000 - 0x00007ff66304a000 	C:\Program Files\Android\Android Studio\jbr\bin\java.exe
0x00007ffef2f00000 - 0x00007ffef3166000 	C:\WINDOWS\SYSTEM32\ntdll.dll
0x00007ffef2530000 - 0x00007ffef25f9000 	C:\WINDOWS\System32\KERNEL32.DLL
0x00007ffef0740000 - 0x00007ffef0b40000 	C:\WINDOWS\System32\KERNELBASE.dll
0x00007ffef03a0000 - 0x00007ffef04ec000 	C:\WINDOWS\System32\ucrtbase.dll
0x00007ffecde00000 - 0x00007ffecde1b000 	C:\Program Files\Android\Android Studio\jbr\bin\VCRUNTIME140.dll
0x00007ffeea9a0000 - 0x00007ffeea9b8000 	C:\Program Files\Android\Android Studio\jbr\bin\jli.dll
0x00007ffef0e60000 - 0x00007ffef1027000 	C:\WINDOWS\System32\USER32.dll
0x00007ffecdfa0000 - 0x00007ffece232000 	C:\WINDOWS\WinSxS\amd64_microsoft.windows.common-controls_6595b64144ccf1df_6.0.26100.8737_none_3e092eaee333b772\COMCTL32.dll
0x00007ffef0c00000 - 0x00007ffef0c27000 	C:\WINDOWS\System32\win32u.dll
0x00007ffef1070000 - 0x00007ffef1119000 	C:\WINDOWS\System32\msvcrt.dll
0x00007ffef1030000 - 0x00007ffef105b000 	C:\WINDOWS\System32\GDI32.dll
0x00007ffef0120000 - 0x00007ffef0249000 	C:\WINDOWS\System32\gdi32full.dll
0x00007ffef0b50000 - 0x00007ffef0bf3000 	C:\WINDOWS\System32\msvcp_win.dll
0x00007ffef2b90000 - 0x00007ffef2bc2000 	C:\WINDOWS\System32\IMM32.DLL
0x00007ffecddf0000 - 0x00007ffecddfc000 	C:\Program Files\Android\Android Studio\jbr\bin\vcruntime140_1.dll
0x00007ffeea910000 - 0x00007ffeea99d000 	C:\Program Files\Android\Android Studio\jbr\bin\msvcp140.dll
0x00007ffe38e00000 - 0x00007ffe39a96000 	C:\Program Files\Android\Android Studio\jbr\bin\server\jvm.dll
0x00007ffef0c30000 - 0x00007ffef0ce7000 	C:\WINDOWS\System32\ADVAPI32.dll
0x00007ffef2e10000 - 0x00007ffef2eba000 	C:\WINDOWS\System32\sechost.dll
0x00007ffef1c50000 - 0x00007ffef1d68000 	C:\WINDOWS\System32\RPCRT4.dll
0x00007ffef2af0000 - 0x00007ffef2b70000 	C:\WINDOWS\System32\WS2_32.dll
0x00007ffeeff80000 - 0x00007ffeeffde000 	C:\WINDOWS\SYSTEM32\POWRPROF.dll
0x00007ffede6d0000 - 0x00007ffede6db000 	C:\WINDOWS\SYSTEM32\VERSION.dll
0x00007ffee7280000 - 0x00007ffee72b6000 	C:\WINDOWS\SYSTEM32\WINMM.dll
0x00007ffeeff60000 - 0x00007ffeeff74000 	C:\WINDOWS\SYSTEM32\UMPDC.dll
0x00007ffeeed20000 - 0x00007ffeeed3b000 	C:\WINDOWS\SYSTEM32\kernel.appcore.dll
0x00007ffecdde0000 - 0x00007ffecddea000 	C:\Program Files\Android\Android Studio\jbr\bin\jimage.dll
0x00007ffeed5c0000 - 0x00007ffeed802000 	C:\WINDOWS\SYSTEM32\DBGHELP.DLL
0x00007ffef18c0000 - 0x00007ffef1c43000 	C:\WINDOWS\System32\combase.dll
0x00007ffef0cf0000 - 0x00007ffef0dc9000 	C:\WINDOWS\System32\OLEAUT32.dll
0x00007ffebdc40000 - 0x00007ffebdc7b000 	C:\WINDOWS\SYSTEM32\dbgcore.DLL
0x00007ffef0250000 - 0x00007ffef02fc000 	C:\WINDOWS\System32\bcryptPrimitives.dll
0x00007ffeea900000 - 0x00007ffeea90e000 	C:\Program Files\Android\Android Studio\jbr\bin\instrument.dll
0x00007ffecddc0000 - 0x00007ffecdde0000 	C:\Program Files\Android\Android Studio\jbr\bin\java.dll
0x00007ffecdda0000 - 0x00007ffecddb8000 	C:\Program Files\Android\Android Studio\jbr\bin\zip.dll
0x00007ffef1120000 - 0x00007ffef18b2000 	C:\WINDOWS\System32\SHELL32.dll
0x00007ffeedb80000 - 0x00007ffeee412000 	C:\WINDOWS\SYSTEM32\windows.storage.dll
0x00007ffef29f0000 - 0x00007ffef2ae7000 	C:\WINDOWS\System32\SHCORE.dll
0x00007ffef24c0000 - 0x00007ffef2527000 	C:\WINDOWS\System32\shlwapi.dll
0x00007ffef0040000 - 0x00007ffef0069000 	C:\WINDOWS\SYSTEM32\profapi.dll
0x00007ffecdca0000 - 0x00007ffecdcb0000 	C:\Program Files\Android\Android Studio\jbr\bin\net.dll
0x00007ffee6930000 - 0x00007ffee6a59000 	C:\WINDOWS\SYSTEM32\WINHTTP.dll
0x00007ffeef350000 - 0x00007ffeef3bc000 	C:\WINDOWS\system32\mswsock.dll
0x00007ffecccb0000 - 0x00007ffecccc6000 	C:\Program Files\Android\Android Studio\jbr\bin\nio.dll
0x00007ffeccc20000 - 0x00007ffeccc30000 	C:\Program Files\Android\Android Studio\jbr\bin\verify.dll
0x00007ffeea9e0000 - 0x00007ffeeaa07000 	C:\Users\maing\.gradle\native\1def1411415f61bf3af743bc5b6707747c0891f09f0c88961ee8f79bc544acac\windows-amd64\native-platform.dll
0x00007ffecc740000 - 0x00007ffecc7b7000 	C:\Users\maing\.gradle\native\0.2.8\x86_64-windows-gnu\gradle-fileevents.dll
0x00007ffeccc50000 - 0x00007ffeccc59000 	C:\Program Files\Android\Android Studio\jbr\bin\management.dll
0x00007ffeccc40000 - 0x00007ffeccc4b000 	C:\Program Files\Android\Android Studio\jbr\bin\management_ext.dll
0x00007ffef2b80000 - 0x00007ffef2b88000 	C:\WINDOWS\System32\PSAPI.DLL
0x00007ffeee7c0000 - 0x00007ffeee7f3000 	C:\WINDOWS\SYSTEM32\IPHLPAPI.DLL
0x00007ffef2c60000 - 0x00007ffef2c6a000 	C:\WINDOWS\System32\NSI.dll
0x00007ffecdc90000 - 0x00007ffecdc99000 	C:\Program Files\Android\Android Studio\jbr\bin\extnet.dll
0x00007ffeef780000 - 0x00007ffeef79b000 	C:\WINDOWS\SYSTEM32\CRYPTSP.dll
0x00007ffeeed40000 - 0x00007ffeeed79000 	C:\WINDOWS\system32\rsaenh.dll
0x00007ffeef410000 - 0x00007ffeef442000 	C:\WINDOWS\SYSTEM32\USERENV.dll
0x00007ffef0010000 - 0x00007ffef003a000 	C:\WINDOWS\SYSTEM32\bcrypt.dll
0x00007ffeef5c0000 - 0x00007ffeef5cc000 	C:\WINDOWS\SYSTEM32\CRYPTBASE.dll
0x00007ffeaa5d0000 - 0x00007ffeaa5d8000 	C:\WINDOWS\system32\wshunix.dll
0x00007ffeb8b60000 - 0x00007ffeb8b78000 	C:\WINDOWS\system32\napinsp.dll
0x00007ffeee860000 - 0x00007ffeee9b5000 	C:\WINDOWS\SYSTEM32\DNSAPI.dll
0x00007ffeef150000 - 0x00007ffeef15d000 	C:\WINDOWS\SYSTEM32\DSPARSE.dll
0x00007ffeb8880000 - 0x00007ffeb8893000 	C:\WINDOWS\System32\winrnr.dll
0x00007ffeb78f0000 - 0x00007ffeb7912000 	C:\WINDOWS\system32\nlansp_c.dll
0x00007ffede7b0000 - 0x00007ffede7c6000 	C:\WINDOWS\system32\wshbth.dll
0x00007ffee0970000 - 0x00007ffee097b000 	C:\Windows\System32\rasadhlp.dll
0x00007ffee9700000 - 0x00007ffee9786000 	C:\WINDOWS\System32\fwpuclnt.dll
0x00007ffecded0000 - 0x00007ffecdeee000 	C:\Users\maing\AppData\Local\Temp\native-platform17642423910266121344dir\native-platform.dll
0x00007ffeea8b0000 - 0x00007ffeea8b7000 	C:\Program Files\Android\Android Studio\jbr\bin\rmi.dll
0x00007ffeeeef0000 - 0x00007ffeeef26000 	C:\WINDOWS\SYSTEM32\ntmarta.dll

JVMTI agents:
C:\Users\maing\.gradle\wrapper\dists\gradle-9.0.0-bin\d6wjpkvcgsg3oed0qlfss3wgl\gradle-9.0.0\lib\agents\gradle-instrumentation-agent-9.0.0.jar path:C:\Program Files\Android\Android Studio\jbr\bin\instrument.dll, loaded, initialized, instrumentlib options:none

dbghelp: loaded successfully - version: 4.0.5 - missing functions: none
symbol engine: initialized successfully - sym options: 0x614 - pdb path: .;C:\Program Files\Android\Android Studio\jbr\bin;C:\WINDOWS\SYSTEM32;C:\WINDOWS\WinSxS\amd64_microsoft.windows.common-controls_6595b64144ccf1df_6.0.26100.8737_none_3e092eaee333b772;C:\Program Files\Android\Android Studio\jbr\bin\server;C:\Users\maing\.gradle\native\1def1411415f61bf3af743bc5b6707747c0891f09f0c88961ee8f79bc544acac\windows-amd64;C:\Users\maing\.gradle\native\0.2.8\x86_64-windows-gnu;C:\Users\maing\AppData\Local\Temp\native-platform17642423910266121344dir

VM Arguments:
jvm_args: --add-opens=java.base/java.lang=ALL-UNNAMED --add-opens=java.base/java.lang.invoke=ALL-UNNAMED --add-opens=java.base/java.util=ALL-UNNAMED --add-opens=java.prefs/java.util.prefs=ALL-UNNAMED --add-exports=jdk.compiler/com.sun.tools.javac.api=ALL-UNNAMED --add-exports=jdk.compiler/com.sun.tools.javac.util=ALL-UNNAMED --add-opens=java.base/java.util=ALL-UNNAMED --add-opens=java.prefs/java.util.prefs=ALL-UNNAMED --add-opens=java.base/java.nio.charset=ALL-UNNAMED --add-opens=java.base/java.net=ALL-UNNAMED --add-opens=java.base/java.util.concurrent=ALL-UNNAMED --add-opens=java.base/java.util.concurrent.atomic=ALL-UNNAMED --add-opens=java.xml/javax.xml.namespace=ALL-UNNAMED -Xmx2048M -Dfile.encoding=UTF-8 -Duser.country=US -Duser.language=en -Duser.variant -javaagent:C:\Users\maing\.gradle\wrapper\dists\gradle-9.0.0-bin\d6wjpkvcgsg3oed0qlfss3wgl\gradle-9.0.0\lib\agents\gradle-instrumentation-agent-9.0.0.jar 
java_command: org.gradle.launcher.daemon.bootstrap.GradleDaemon 9.0.0
java_class_path (initial): C:\Users\maing\.gradle\wrapper\dists\gradle-9.0.0-bin\d6wjpkvcgsg3oed0qlfss3wgl\gradle-9.0.0\lib\gradle-daemon-main-9.0.0.jar
Launcher Type: SUN_STANDARD

[Global flags]
     intx CICompilerCount                          = 4                                         {product} {ergonomic}
     uint ConcGCThreads                            = 2                                         {product} {ergonomic}
     uint G1ConcRefinementThreads                  = 8                                         {product} {ergonomic}
   size_t G1HeapRegionSize                         = 1048576                                   {product} {ergonomic}
    uintx GCDrainStackTargetSize                   = 64                                        {product} {ergonomic}
   size_t InitialHeapSize                          = 262144000                                 {product} {ergonomic}
   size_t MarkStackSize                            = 4194304                                   {product} {ergonomic}
   size_t MaxHeapSize                              = 2147483648                                {product} {command line}
   size_t MaxNewSize                               = 1287651328                                {product} {ergonomic}
   size_t MinHeapDeltaBytes                        = 1048576                                   {product} {ergonomic}
   size_t MinHeapSize                              = 8388608                                   {product} {ergonomic}
    uintx NonNMethodCodeHeapSize                   = 5839372                                {pd product} {ergonomic}
    uintx NonProfiledCodeHeapSize                  = 122909434                              {pd product} {ergonomic}
    uintx ProfiledCodeHeapSize                     = 122909434                              {pd product} {ergonomic}
    uintx ReservedCodeCacheSize                    = 251658240                              {pd product} {ergonomic}
     bool SegmentedCodeCache                       = true                                      {product} {ergonomic}
   size_t SoftMaxHeapSize                          = 2147483648                             {manageable} {ergonomic}
     bool UseCompressedOops                        = true                           {product lp64_product} {ergonomic}
     bool UseG1GC                                  = true                                      {product} {ergonomic}
     bool UseLargePagesIndividualAllocation        = false                                  {pd product} {ergonomic}

Logging:
Log output configuration:
 #0: stdout all=warning uptime,level,tags foldmultilines=false
 #1: stderr all=off uptime,level,tags foldmultilines=false

Release file:
JAVA_VERSION="21.0.10" 
MODULES="java.base java.compiler java.datatransfer java.xml java.prefs java.desktop java.instrument java.logging java.management java.security.sasl java.naming java.rmi java.management.rmi java.net.http java.scripting java.security.jgss java.transaction.xa java.sql java.sql.rowset java.xml.crypto java.se java.smartcardio jdk.accessibility jdk.internal.jvmstat jdk.attach jdk.charsets jdk.internal.opt jdk.zipfs jdk.compiler jdk.crypto.ec jdk.crypto.cryptoki jdk.dynalink jdk.hotspot.agent jdk.httpserver jdk.internal.ed jdk.internal.le jdk.internal.vm.ci jdk.jartool jdk.javadoc jdk.jcmd jdk.jdeps jdk.jdwp.agent jdk.jdi jdk.jfr jdk.jlink jdk.jsobject jdk.localedata jdk.management jdk.management.agent jdk.management.jfr jdk.naming.dns jdk.naming.rmi jdk.net jdk.sctp jdk.security.auth jdk.security.jgss jdk.unsupported jdk.unsupported.desktop jdk.xml.dom" 
IMPLEMENTOR="JetBrains s.r.o." 
JAVA_RUNTIME_VERSION="21.0.10+-14961533-b1163.108" 
LIBC="default" 
OS_ARCH="x86_64" 
OS_NAME="Windows" 
SOURCE=".:git:1351622c2ff2" 

Environment Variables:
PATH=C:\Users\maing\AppData\Local\Programs\Python\Python314\Scripts\;C:\Users\maing\AppData\Local\Programs\Python\Python314\;C:\Program Files\Common Files\Oracle\Java\javapath;C:\WINDOWS\system32;C:\WINDOWS;C:\WINDOWS\System32\Wbem;C:\WINDOWS\System32\WindowsPowerShell\v1.0\;C:\WINDOWS\System32\OpenSSH\;C:\Program Files\Git\cmd;C:\Program Files\dotnet\;C:\Program Files\Docker\Docker\resources\bin;C:\Program Files\nodejs\;C:\ProgramData\chocolatey\bin;C:\Users\maing\AppData\Local\Programs\Python\Python312\Scripts\;C:\Users\maing\AppData\Local\Programs\Python\Python312\;C:\Users\maing\AppData\Local\Programs\Python\Python314\Scripts\;C:\Users\maing\AppData\Local\Programs\Python\Python314\;C:\Users\maing\AppData\Local\Programs\Python\Launcher\;C:\Users\maing\AppData\Local\Microsoft\WindowsApps;C:\Users\maing\AppData\Local\Programs\Microsoft VS Code\bin;C:\Users\maing\AppData\Local\spicetify;C:\Users\maing\AppData\Roaming\npm
USERNAME=maing
OS=Windows_NT
PROCESSOR_IDENTIFIER=Intel64 Family 6 Model 140 Stepping 1, GenuineIntel
TMP=C:\Users\maing\AppData\Local\Temp
TEMP=C:\Users\maing\AppData\Local\Temp




Periodic native trim disabled

JNI global refs:
JNI global refs: 31, weak refs: 42

JNI global refs memory usage: 835, weak refs: 833

Process memory usage:
Resident Set Size: 1149144K (7% of 16302520K total physical memory with 1432560K free physical memory)

OOME stack traces (most recent first):
Classloader memory used:
Loader org.gradle.internal.classloader.VisitableURLClassLoader$InstrumentingVisitableURLClassLoader: 69207K
Loader org.gradle.internal.classloader.VisitableURLClassLoader                         : 52753K
Loader bootstrap                                                                       : 34352K
Loader org.gradle.initialization.MixInLegacyTypesClassLoader                           : 14788K
Loader jdk.internal.loader.ClassLoaders$AppClassLoader                                 : 9934K
Loader jdk.internal.reflect.DelegatingClassLoader                                      : 777K
Loader jdk.internal.loader.ClassLoaders$PlatformClassLoader                            : 707K
Loader org.gradle.internal.classloader.VisitableURLClassLoader                         : 243K
Loader org.gradle.groovy.scripts.internal.DefaultScriptCompilationHandler$ScriptClassLoader: 145K
Loader sun.reflect.misc.MethodUtil                                                     : 2984B


[error occurred during error reporting (Classloader stats), id 0xe0000001, Out of Memory Error (s\src\hotspot\share\memory\arena.cpp:168)]
---------------  S Y S T E M  ---------------

OS:
 Windows 11 , 64 bit Build 26100 (10.0.26100.8737)
OS uptime: 0 days 3:09 hours
Hyper-V role detected

CPU: total 8 (initial active 8) (4 cores per cpu, 2 threads per core) family 6 model 140 stepping 1 microcode 0xbe, cx8, cmov, fxsr, ht, mmx, 3dnowpref, sse, sse2, sse3, ssse3, sse4.1, sse4.2, popcnt, lzcnt, tsc, tscinvbit, avx, avx2, aes, erms, clmul, bmi1, bmi2, adx, avx512f, avx512dq, avx512cd, avx512bw, avx512vl, sha, fma, vzeroupper, avx512_vpopcntdq, avx512_vpclmulqdq, avx512_vaes, avx512_vnni, clflush, clflushopt, clwb, avx512_vbmi2, avx512_vbmi, hv, rdtscp, rdpid, fsrm, gfni, avx512_bitalg, f16c, cet_ibt, cet_ss, avx512_ifma
Processor Information for processor 0
  Max Mhz: 2995, Current Mhz: 2995, Mhz Limit: 2995
Processor Information for processor 1
  Max Mhz: 2995, Current Mhz: 2995, Mhz Limit: 2995
Processor Information for processor 2
  Max Mhz: 2995, Current Mhz: 2995, Mhz Limit: 2995
Processor Information for processor 3
  Max Mhz: 2995, Current Mhz: 2995, Mhz Limit: 2995
Processor Information for processor 4
  Max Mhz: 2995, Current Mhz: 1198, Mhz Limit: 2995
Processor Information for processor 5
  Max Mhz: 2995, Current Mhz: 1198, Mhz Limit: 2995
Processor Information for processor 6
  Max Mhz: 2995, Current Mhz: 1198, Mhz Limit: 2995
Processor Information for processor 7
  Max Mhz: 2995, Current Mhz: 2995, Mhz Limit: 2995

Memory: 4k page, system-wide physical 15920M (1399M free)
TotalPageFile size 45409M (AvailPageFile size 2M)
current process WorkingSet (physical memory assigned to process): 1123M, peak: 1123M
current process commit charge ("private bytes"): 1238M, peak: 1239M

vm_info: OpenJDK 64-Bit Server VM (21.0.10+-14961533-b1163.108) for windows-amd64 JRE (21.0.10+-14961533-b1163.108), built on 2026-03-02T19:58:50Z by "builder" with MS VC++ 16.10 / 16.11 (VS2019)

END.
